gentime,NeAnc,td,lambda,maxn,sampn,data,model,scheme,Nch,Nhh,Th,lnLh,AICh
g1,n10e4,constant,constant,n500,n100,rad10k,bot,t0,10223.28046,539.3881034,10878.73132,-8434.366041,16874.73208
g1,n10e4,constant,constant,n500,n100,rad10k,bot,t0t120,10170.65574,827.5666667,9965.273732,-12635.9295,25277.85901
g1,n10e4,constant,constant,n500,n100,rad10k,bot,all,10127.52898,31.56186556,11845.1098,-20710.11912,41426.23824
g1,n10e4,constant,constant,n500,n100,rad10k,bot,t0,9800.646818,517.6699561,11431.62958,-8346.92579,16699.85158
g1,n10e4,constant,constant,n500,n100,rad10k,bot,t0t120,10007.74913,184.5005867,12193.08966,-12612.13848,25230.27697
g1,n10e4,constant,constant,n500,n100,rad10k,bot,all,10167.16755,45.76368474,12636.79953,-20608.90472,41223.80945
g1,n10e4,constant,constant,n500,n100,rad10k,bot,t0,9747.565394,1072.131617,9928.577293,-8211.511218,16429.02244
g1,n10e4,constant,constant,n500,n100,rad10k,bot,t0t120,10003.25567,65.88162877,12611.3078,-12259.62369,24525.24737
g1,n10e4,constant,constant,n500,n100,rad10k,bot,all,9471.781918,43.14424278,11990.51026,-20324.77053,40655.54106
g1,n10e4,constant,constant,n500,n100,rad10k,bot,t0,10294.06581,10,12059.96343,-8445.775169,16897.55034
g1,n10e4,constant,constant,n500,n100,rad10k,bot,t0t120,10312.80391,10,12108.08387,-12614.76842,25235.53684
g1,n10e4,constant,constant,n500,n100,rad10k,bot,all,10101.09983,10,11798.61256,-20903.96626,41813.93251
g1,n10e4,constant,constant,n500,n100,rad10k,bot,t0,10212.44845,646.6557669,11170.55005,-8570.094434,17146.18887
g1,n10e4,constant,constant,n500,n100,rad10k,bot,t0t120,10121.06389,91.00958893,12484.88302,-12834.96392,25675.92784
g1,n10e4,constant,constant,n500,n100,rad10k,bot,all,10706.69114,1542.240262,9273.202623,-21221.54969,42449.09937
g1,n10e4,constant,constant,n500,n100,rad50k,bot,t0,9951.011034,1216.339251,9587.292549,-41572.90277,83151.80554
g1,n10e4,constant,constant,n500,n100,rad50k,bot,t0t120,10178.2719,1442.537912,9093.316605,-62548.44304,125102.8861
g1,n10e4,constant,constant,n500,n100,rad50k,bot,all,9867.729702,39.28671064,12159.25949,-103256.286,206518.572
g1,n10e4,constant,constant,n500,n100,rad50k,bot,t0,9799.295574,506.0764249,11354.16627,-41608.9847,83223.96941
g1,n10e4,constant,constant,n500,n100,rad50k,bot,t0t120,9931.194336,1097.371012,10060.39207,-62550.23248,125106.465
g1,n10e4,constant,constant,n500,n100,rad50k,bot,all,9940.925062,47.02666576,12525.62461,-102467.7712,204941.5424
g1,n10e4,constant,constant,n500,n100,rad50k,bot,t0,10145.97329,1228.715531,9448.874663,-41858.39993,83722.79985
g1,n10e4,constant,constant,n500,n100,rad50k,bot,t0t120,10275.58174,1357.497275,9245.892724,-63019.75918,126045.5184
g1,n10e4,constant,constant,n500,n100,rad50k,bot,all,9948.37507,36.977371,12088.35447,-103491.848,206989.696
g1,n10e4,constant,constant,n500,n100,rad50k,bot,t0,9673.78619,37.40607584,11952.01114,-40930.51198,81867.02396
g1,n10e4,constant,constant,n500,n100,rad50k,bot,t0t120,9791.549063,1165.692749,9498.198982,-61801.97698,123609.954
g1,n10e4,constant,constant,n500,n100,rad50k,bot,all,9546.178208,11.07025012,11873.89713,-101172.2879,202350.5759
g1,n10e4,constant,constant,n500,n100,rad50k,bot,t0,10424.47417,1715.848048,8075.99744,-41858.36943,83722.73885
g1,n10e4,constant,constant,n500,n100,rad50k,bot,t0t120,10235.16357,1463.668405,8762.18861,-62663.62802,125333.256
g1,n10e4,constant,constant,n500,n100,rad50k,bot,all,10327.59673,1502.224966,8707.901694,-103387.9095,206781.819
g1,n10e4,constant,constant,n500,n100,wgs,bot,t0,9931.467132,182.398048,11733.03999,-4188707.533,8377421.065
g1,n10e4,constant,constant,n500,n100,wgs,bot,t0t120,9840.567189,13.64851181,12027.51411,-6302130.012,12604266.02
g1,n10e4,constant,constant,n500,n100,wgs,bot,all,9879.984645,356.6904178,11316.54737,-10349578.48,20699162.97
g1,n10e4,constant,constant,n500,n100,wgs,bot,t0,9919.354016,10.02334633,12098.69281,-4194315.934,8388637.869
g1,n10e4,constant,constant,n500,n100,wgs,bot,t0t120,10061.47718,13.00678302,12188.69046,-6302771.836,12605549.67
g1,n10e4,constant,constant,n500,n100,wgs,bot,all,10056.77096,1008.646977,9942.562683,-10346423.23,20692852.47
g1,n10e4,constant,constant,n500,n100,wgs,bot,t0,9931.166241,386.8592151,11370.72421,-4187040.293,8374086.585
g1,n10e4,constant,constant,n500,n100,wgs,bot,t0t120,10026.51948,13.43143543,12240.16113,-6288997.209,12578000.42
g1,n10e4,constant,constant,n500,n100,wgs,bot,all,10070.0685,801.7803537,10536.0539,-10322024.06,20644054.13
g1,n10e4,constant,constant,n500,n100,wgs,bot,t0,10074.04376,1135.997627,9686.268511,-4199522.163,8399050.327
g1,n10e4,constant,constant,n500,n100,wgs,bot,t0t120,9889.633055,13.66797269,12150.20506,-6311134.118,12622274.24
g1,n10e4,constant,constant,n500,n100,wgs,bot,all,10003.60735,1018.029053,9968.765395,-10349809.4,20699624.81
g1,n10e4,constant,constant,n500,n100,wgs,bot,t0,10014.79747,1020.389335,9911.876446,-4184021.07,8368048.14
g1,n10e4,constant,constant,n500,n100,wgs,bot,t0t120,9981.577098,13.39252978,12163.04652,-6291639.397,12583284.79
g1,n10e4,constant,constant,n500,n100,wgs,bot,all,10021.75488,977.6435944,10029.45376,-10328798.51,20657603.02
g1,n10e4,constant,constant,n500,n20,wgs,bot,t0,9936.726704,787.633698,10428.53012,-1785273.458,3570552.915
g1,n10e4,constant,constant,n500,n20,wgs,bot,t0t120,9949.511687,804.5543239,10361.02731,-2733420.603,5466847.206
g1,n10e4,constant,constant,n500,n20,wgs,bot,all,9856.093282,10.00007551,12089.54589,-4417971.899,8835949.798
g1,n10e4,constant,constant,n500,n20,wgs,bot,t0,10053.08901,1085.134185,9801.24876,-1793424.233,3586854.465
g1,n10e4,constant,constant,n500,n20,wgs,bot,t0t120,10067.04922,1091.428381,9794.61368,-2739605.93,5479217.86
g1,n10e4,constant,constant,n500,n20,wgs,bot,all,9831.310958,10.00618246,12180.7703,-4436535.842,8873077.684
g1,n10e4,constant,constant,n500,n20,wgs,bot,t0,9983.49722,769.7686394,10511.40863,-1792249.131,3584504.263
g1,n10e4,constant,constant,n500,n20,wgs,bot,t0t120,10004.68392,894.7722377,10243.13782,-2729996.831,5459999.662
g1,n10e4,constant,constant,n500,n20,wgs,bot,all,9807.490309,10.00004334,12148.74123,-4419975.711,8839957.423
g1,n10e4,constant,constant,n500,n20,wgs,bot,t0,9977.117967,958.3296405,10072.81776,-1787923.92,3575853.839
g1,n10e4,constant,constant,n500,n20,wgs,bot,t0t120,9989.387447,963.4389196,10043.81632,-2730137.198,5460280.395
g1,n10e4,constant,constant,n500,n20,wgs,bot,all,9816.396476,10.49300788,12114.46583,-4426154.362,8852314.723
g1,n10e4,constant,constant,n500,n20,wgs,bot,t0,10028.81184,928.0120005,10119.56286,-1790203.124,3580412.248
g1,n10e4,constant,constant,n500,n20,wgs,bot,t0t120,10035.76125,960.8178656,10020.53942,-2730008.204,5460022.409
g1,n10e4,constant,constant,n500,n20,wgs,bot,all,10063.4471,1065.391957,9777.613171,-4423782.433,8847570.867
g1,n10e4,constant,constant,n500,n200,rad10k,bot,t0,10319.75537,984.7074645,9873.672434,-11178.93336,22363.86673
g1,n10e4,constant,constant,n500,n200,rad10k,bot,t0t120,10485.96423,872.5932409,10268.77527,-16841.50606,33689.01213
g1,n10e4,constant,constant,n500,n200,rad10k,bot,all,9881.649587,615.7536476,10306.03071,-27797.65645,55601.3129
g1,n10e4,constant,constant,n500,n200,rad10k,bot,t0,10290.16847,1157.665798,10106.92916,-11348.49905,22702.99809
g1,n10e4,constant,constant,n500,n200,rad10k,bot,t0t120,10332.13122,62.39376138,12719.59539,-17130.86388,34267.72776
g1,n10e4,constant,constant,n500,n200,rad10k,bot,all,10504.69626,1106.313556,10316.99224,-28335.70081,56677.40161
g1,n10e4,constant,constant,n500,n200,rad10k,bot,t0,10221.46628,10.48189839,12049.21243,-11101.78674,22209.57349
g1,n10e4,constant,constant,n500,n200,rad10k,bot,t0t120,10429.2499,10,12250.12913,-16826.02495,33658.04989
g1,n10e4,constant,constant,n500,n200,rad10k,bot,all,10229.81791,10,12010.79719,-27846.26968,55698.53936
g1,n10e4,constant,constant,n500,n200,rad10k,bot,t0,9708.159873,772.1762303,10537.71655,-10809.30434,21624.60868
g1,n10e4,constant,constant,n500,n200,rad10k,bot,t0t120,9796.05108,124.4672292,12153.49778,-16376.86499,32759.72997
g1,n10e4,constant,constant,n500,n200,rad10k,bot,all,9803.913672,456.5590819,11403.49893,-27061.2415,54128.483
g1,n10e4,constant,constant,n500,n200,rad10k,bot,t0,9899.108544,552.1129888,11262.72416,-11016.07868,22038.15736
g1,n10e4,constant,constant,n500,n200,rad10k,bot,t0t120,9679.256828,197.353286,11874.56355,-16781.29457,33568.58914
g1,n10e4,constant,constant,n500,n200,rad10k,bot,all,10022.91537,10,12490.92124,-27683.63847,55373.27694
g1,n10e4,constant,constant,n500,n200,rad50k,bot,t0,10229.21235,1321.737637,9245.793929,-55454.93683,110915.8737
g1,n10e4,constant,constant,n500,n200,rad50k,bot,t0t120,10391.48443,1432.606285,9113.035209,-84103.90819,168213.8164
g1,n10e4,constant,constant,n500,n200,rad50k,bot,all,10199.67026,1251.394992,9411.584304,-138653.0089,277312.0178
g1,n10e4,constant,constant,n500,n200,rad50k,bot,t0,9951.290795,1333.052249,9292.904257,-54770.16706,109546.3341
g1,n10e4,constant,constant,n500,n200,rad50k,bot,t0t120,10422.79998,1502.122694,9173.130716,-83448.47033,166902.9407
g1,n10e4,constant,constant,n500,n200,rad50k,bot,all,10554.77277,1592.536238,8971.022767,-137770.8588,275547.7176
g1,n10e4,constant,constant,n500,n200,rad50k,bot,t0,9859.96241,1241.889222,9274.59711,-54037.26158,108080.5232
g1,n10e4,constant,constant,n500,n200,rad50k,bot,t0t120,9759.225635,1107.334687,9582.608813,-82401.4766,164808.9532
g1,n10e4,constant,constant,n500,n200,rad50k,bot,all,10039.93579,1171.765149,9672.011599,-135226.1368,270458.2737
g1,n10e4,constant,constant,n500,n200,rad50k,bot,t0,10395.01025,1708.612911,8117.954824,-55431.28112,110868.5622
g1,n10e4,constant,constant,n500,n200,rad50k,bot,t0t120,9999.0686,1493.930859,8353.096329,-84245.20672,168496.4134
g1,n10e4,constant,constant,n500,n200,rad50k,bot,all,10056.701,1395.483984,8821.65996,-138346.8561,276699.7122
g1,n10e4,constant,constant,n500,n200,rad50k,bot,t0,9891.80501,871.2436725,10532.79969,-54904.21103,109814.4221
g1,n10e4,constant,constant,n500,n200,rad50k,bot,t0t120,10108.0001,911.8494954,10708.59446,-83270.59739,166547.1948
g1,n10e4,constant,constant,n500,n200,rad50k,bot,all,10191.67844,1058.177278,10380.25431,-136972.1533,273950.3065
g1,n10e4,constant,constant,n500,n50,rad10k,bot,t0,9860.30784,203.0005247,12053.95025,-6083.00518,12172.01036
g1,n10e4,constant,constant,n500,n50,rad10k,bot,t0t120,10359.65557,78.43801449,12604.07694,-9192.646312,18391.29262
g1,n10e4,constant,constant,n500,n50,rad10k,bot,all,10070.0282,75.21586554,12682.01138,-14864.76422,29735.52845
g1,n10e4,constant,constant,n500,n50,rad10k,bot,t0,10274.40113,994.3787265,9886.586339,-6088.987028,12183.97406
g1,n10e4,constant,constant,n500,n50,rad10k,bot,t0t120,10121.3904,1058.836121,9510.427766,-9085.417937,18176.83587
g1,n10e4,constant,constant,n500,n50,rad10k,bot,all,10306.69645,44.33127,11970.77139,-15002.82866,30011.65733
g1,n10e4,constant,constant,n500,n50,rad10k,bot,t0,10107.43648,543.3180696,11539.31572,-6209.6725,12425.345
g1,n10e4,constant,constant,n500,n50,rad10k,bot,t0t120,10216.94713,691.8977325,11182.77946,-9282.342019,18570.68404
g1,n10e4,constant,constant,n500,n50,rad10k,bot,all,10155.41378,57.06996539,12594.34425,-15300.5578,30607.11561
g1,n10e4,constant,constant,n500,n50,rad10k,bot,t0,9418.196137,59.81662514,12162.27766,-5913.88316,11833.76632
g1,n10e4,constant,constant,n500,n50,rad10k,bot,t0t120,9864.786903,657.8603161,10919.27721,-8965.126339,17936.25268
g1,n10e4,constant,constant,n500,n50,rad10k,bot,all,9783.243657,58.44125784,12180.34394,-14597.55678,29201.11355
g1,n10e4,constant,constant,n500,n50,rad10k,bot,t0,10263.22582,10,12029.85089,-6090.777473,12187.55495
g1,n10e4,constant,constant,n500,n50,rad10k,bot,t0t120,9845.538105,10,11706.59683,-9138.79764,18283.59528
g1,n10e4,constant,constant,n500,n50,rad10k,bot,all,10137.6711,10,11903.26102,-14988.91824,29983.83647
g1,n10e4,constant,constant,n500,n50,rad50k,bot,t0,9965.323778,10.12850835,12174.26375,-30317.31027,60640.62053
g1,n10e4,constant,constant,n500,n50,rad50k,bot,t0t120,10312.8528,1419.305286,9095.270893,-45518.39974,91042.79949
g1,n10e4,constant,constant,n500,n50,rad50k,bot,all,9824.473352,11.14959491,12137.43067,-74483.26239,148972.5248
g1,n10e4,constant,constant,n500,n50,rad50k,bot,t0,10289.12539,1586.832345,8375.428796,-30103.29688,60212.59377
g1,n10e4,constant,constant,n500,n50,rad50k,bot,t0t120,10280.4543,1601.835577,8361.100097,-45266.99036,90539.98071
g1,n10e4,constant,constant,n500,n50,rad50k,bot,all,10292.79135,1513.752175,8661.485589,-74315.08759,148636.1752
g1,n10e4,constant,constant,n500,n50,rad50k,bot,t0,9619.626794,10.23655686,12062.62419,-29594.8331,59195.66619
g1,n10e4,constant,constant,n500,n50,rad50k,bot,t0t120,9721.609572,1138.932274,9403.27569,-44935.49606,89876.99212
g1,n10e4,constant,constant,n500,n50,rad50k,bot,all,9562.508424,11.26568345,11955.38113,-72731.81693,145469.6339
g1,n10e4,constant,constant,n500,n50,rad50k,bot,t0,10028.42051,1457.894853,8969.888737,-30099.60897,60205.21794
g1,n10e4,constant,constant,n500,n50,rad50k,bot,t0t120,10317.62769,1538.999011,8962.99779,-45362.54814,90731.09628
g1,n10e4,constant,constant,n500,n50,rad50k,bot,all,10132.71774,1528.187461,8877.163094,-74030.62617,148067.2523
g1,n10e4,constant,constant,n500,n50,rad50k,bot,t0,9775.644132,208.6224599,11928.94214,-30142.48028,60290.96056
g1,n10e4,constant,constant,n500,n50,rad50k,bot,t0t120,9844.283663,757.6916465,10857.16878,-45228.2212,90462.4424
g1,n10e4,constant,constant,n500,n50,rad50k,bot,all,9841.694139,1115.517688,9886.482275,-74260.75252,148527.505
g1,n10e4,constant,constant,n500,n50,wgs,bot,t0,10074.33031,1009.044188,9932.523422,-3035535.733,6071077.467
g1,n10e4,constant,constant,n500,n50,wgs,bot,t0t120,10112.72548,1095.233748,9739.818283,-4554560.58,9109127.159
g1,n10e4,constant,constant,n500,n50,wgs,bot,all,10066.28866,1017.300659,9903.785989,-7436222.482,14872450.96
g1,n10e4,constant,constant,n500,n50,wgs,bot,t0,10006.65143,837.1946752,10303.54638,-3028889.446,6057784.892
g1,n10e4,constant,constant,n500,n50,wgs,bot,t0t120,9860.604847,724.6952667,10471.53033,-4555542.792,9111091.584
g1,n10e4,constant,constant,n500,n50,wgs,bot,all,10015.30769,1079.091568,9717.542572,-7435038.728,14870083.46
g1,n10e4,constant,constant,n500,n50,wgs,bot,t0,10014.18405,991.8511469,10005.451,-3031195.168,6062396.335
g1,n10e4,constant,constant,n500,n50,wgs,bot,t0t120,10163.03827,1103.305505,9829.071068,-4542540.004,9085086.008
g1,n10e4,constant,constant,n500,n50,wgs,bot,all,9989.356995,915.6967153,10194.31858,-7427428.916,14854863.83
g1,n10e4,constant,constant,n500,n50,wgs,bot,t0,10051.27923,1076.596778,9826.522742,-3037421.503,6074849.006
g1,n10e4,constant,constant,n500,n50,wgs,bot,t0t120,10067.99892,1045.808724,9923.708174,-4558373.495,9116752.989
g1,n10e4,constant,constant,n500,n50,wgs,bot,all,9979.783931,977.9861097,10063.28296,-7442257.758,14884521.52
g1,n10e4,constant,constant,n500,n50,wgs,bot,t0,10013.84942,1052.084308,9842.462034,-3028197.486,6056400.972
g1,n10e4,constant,constant,n500,n50,wgs,bot,t0t120,10021.97946,1003.75804,9935.133262,-4549227.283,9098460.567
g1,n10e4,constant,constant,n500,n50,wgs,bot,all,10018.78714,956.9120442,10078.44523,-7421719.128,14843444.26
g1,n10e4,td100,l99,n500,n100,rad10k,bot,t0,8560.813126,18.09892699,12978.96219,-7883.021093,15772.04219
g1,n10e4,td100,l99,n500,n100,rad10k,bot,t0t120,7650.662037,10,10867.73032,-12383.13857,24772.27715
g1,n10e4,td100,l99,n500,n100,rad10k,bot,all,8873.464151,262.2008797,11167.18969,-20385.65675,40777.31351
g1,n10e4,td100,l99,n500,n100,rad10k,bot,t0,8327.926491,10,13781.21652,-7924.47151,15854.94302
g1,n10e4,td100,l99,n500,n100,rad10k,bot,t0t120,7147.188039,10,11273.85357,-12567.68938,25141.37877
g1,n10e4,td100,l99,n500,n100,rad10k,bot,all,8036.859533,10,11831.9464,-20663.89334,41333.78669
g1,n10e4,td100,l99,n500,n100,rad10k,bot,t0,8629.659822,10,12859.53135,-7968.355409,15942.71082
g1,n10e4,td100,l99,n500,n100,rad10k,bot,t0t120,7415.35449,137.2703921,10448.01346,-12473.38662,24952.77323
g1,n10e4,td100,l99,n500,n100,rad10k,bot,all,8657.192989,1761.481389,7464.542483,-20291.76035,40589.5207
g1,n10e4,td100,l99,n500,n100,rad10k,bot,t0,8608.51777,10,13060.83308,-7951.668704,15909.33741
g1,n10e4,td100,l99,n500,n100,rad10k,bot,t0t120,7443.509118,10,11278.69458,-12349.97183,24705.94365
g1,n10e4,td100,l99,n500,n100,rad10k,bot,all,8934.328511,10,12197.71232,-20404.95253,40815.90506
g1,n10e4,td100,l99,n500,n100,rad10k,bot,t0,8767.259543,15.29708349,12065.4499,-7809.392746,15624.78549
g1,n10e4,td100,l99,n500,n100,rad10k,bot,t0t120,7377.86793,41.63012122,10025.45011,-12319.8806,24645.7612
g1,n10e4,td100,l99,n500,n100,rad10k,bot,all,8912.020164,1101.293233,8599.381836,-20178.11909,40362.23818
g1,n10e4,td100,l99,n500,n100,rad50k,bot,t0,8797.158306,10,12302.03091,-39352.98632,78711.97263
g1,n10e4,td100,l99,n500,n100,rad50k,bot,t0t120,7877.290266,10,10522.06755,-61846.55069,123699.1014
g1,n10e4,td100,l99,n500,n100,rad50k,bot,all,8936.837658,140.3668148,10981.71296,-101748.9827,203503.9655
g1,n10e4,td100,l99,n500,n100,rad50k,bot,t0,8949.885176,10,12381.10572,-39891.84769,79789.69539
g1,n10e4,td100,l99,n500,n100,rad50k,bot,t0t120,7421.229965,10,10103.53636,-62630.6335,125267.267
g1,n10e4,td100,l99,n500,n100,rad50k,bot,all,8639.150192,10,10974.73148,-102745.7001,205497.4001
g1,n10e4,td100,l99,n500,n100,rad50k,bot,t0,8685.899376,71.07223528,12759.87412,-39577.11844,79160.23688
g1,n10e4,td100,l99,n500,n100,rad50k,bot,t0t120,7573.625776,10,11058.7404,-62295.67146,124597.3429
g1,n10e4,td100,l99,n500,n100,rad50k,bot,all,8587.59716,215.5048517,11320.73203,-102304.4636,204614.9273
g1,n10e4,td100,l99,n500,n100,rad50k,bot,t0,8899.603339,10,12745.42753,-40113.19014,80232.38028
g1,n10e4,td100,l99,n500,n100,rad50k,bot,t0t120,7919.254694,10,10931.34708,-62892.22927,125790.4585
g1,n10e4,td100,l99,n500,n100,rad50k,bot,all,8875.545587,27.97590243,11619.59726,-103128.7348,206263.4696
g1,n10e4,td100,l99,n500,n100,rad50k,bot,t0,8891.970064,10,13054.86382,-40457.85744,80921.71488
g1,n10e4,td100,l99,n500,n100,rad50k,bot,t0t120,7547.899632,10,10795.33953,-63788.86632,127583.7326
g1,n10e4,td100,l99,n500,n100,rad50k,bot,all,8985.986083,10,11883.21124,-104640.7672,209287.5345
g1,n10e4,td100,l99,n500,n100,wgs,bot,t0,8801.531215,19.43211003,12623.74316,-4003872.942,8007751.884
g1,n10e4,td100,l99,n500,n100,wgs,bot,t0t120,7631.253391,10,10717.49495,-6289881.461,12579768.92
g1,n10e4,td100,l99,n500,n100,wgs,bot,all,8782.366674,166.5330167,11217.95989,-10304726.19,20609458.37
g1,n10e4,td100,l99,n500,n100,wgs,bot,t0,10252.63002,112.5464382,17438.47243,-4023162.403,8046330.806
g1,n10e4,td100,l99,n500,n100,wgs,bot,t0t120,7735.976896,10.79967453,10798.15213,-6315658.823,12631323.65
g1,n10e4,td100,l99,n500,n100,wgs,bot,all,8747.281682,10,11519.71642,-10343077.85,20686161.71
g1,n10e4,td100,l99,n500,n100,wgs,bot,t0,8815.498366,10,12667.94343,-4013014.959,8026035.918
g1,n10e4,td100,l99,n500,n100,wgs,bot,t0t120,7764.564068,15.18016652,10785.13866,-6309106.623,12618219.25
g1,n10e4,td100,l99,n500,n100,wgs,bot,all,8970.232085,10,11692.80603,-10336465.94,20672937.88
g1,n10e4,td100,l99,n500,n100,wgs,bot,t0,8762.779765,10,12671.23958,-3999143.766,7998293.533
g1,n10e4,td100,l99,n500,n100,wgs,bot,t0t120,7681.449257,252.2107998,10274.42742,-6281576.273,12563158.55
g1,n10e4,td100,l99,n500,n100,wgs,bot,all,8746.125296,10,11529.7447,-10307707.88,20615421.75
g1,n10e4,td100,l99,n500,n100,wgs,bot,t0,8805.371954,10,12686.8921,-4012322.518,8024651.036
g1,n10e4,td100,l99,n500,n100,wgs,bot,t0t120,7601.10012,10,10696.99651,-6310925.495,12621856.99
g1,n10e4,td100,l99,n500,n100,wgs,bot,all,8721.671195,10,11496.55279,-10349437.92,20698881.84
g1,n10e4,td100,l99,n500,n20,wgs,bot,t0,9370.509041,13.74555789,12323.72509,-1771911.844,3543829.688
g1,n10e4,td100,l99,n500,n20,wgs,bot,t0t120,9611.163743,261.1983749,11607.04939,-2737406.27,5474818.54
g1,n10e4,td100,l99,n500,n20,wgs,bot,all,9746.591138,33.77233661,12132.57497,-4430297.47,8860600.94
g1,n10e4,td100,l99,n500,n20,wgs,bot,t0,9248.781476,10,12360.33814,-1763989.142,3527984.284
g1,n10e4,td100,l99,n500,n20,wgs,bot,t0t120,9584.354257,555.7926399,10971.06515,-2726316.676,5452639.353
g1,n10e4,td100,l99,n500,n20,wgs,bot,all,9691.226355,32.55071585,12112.4543,-4411607.909,8823221.818
g1,n10e4,td100,l99,n500,n20,wgs,bot,t0,9289.463601,10,12363.49213,-1767995.447,3535996.893
g1,n10e4,td100,l99,n500,n20,wgs,bot,t0t120,9595.683074,348.0399626,11413.47516,-2740630.324,5481266.648
g1,n10e4,td100,l99,n500,n20,wgs,bot,all,9714.848853,37.59345175,12137.20795,-4432625.955,8865257.911
g1,n10e4,td100,l99,n500,n20,wgs,bot,t0,9332.228642,10,12386.88821,-1772924.174,3545854.348
g1,n10e4,td100,l99,n500,n20,wgs,bot,t0t120,9698.601408,498.3581144,11100.93697,-2742421.459,5484848.918
g1,n10e4,td100,l99,n500,n20,wgs,bot,all,9685.595656,31.40572917,12143.22815,-4428811.645,8857629.289
g1,n10e4,td100,l99,n500,n20,wgs,bot,t0,9238.886546,32.47514182,12366.75203,-1763098.043,3526202.085
g1,n10e4,td100,l99,n500,n20,wgs,bot,t0t120,9528.419235,262.6848206,11590.98692,-2729038.131,5458082.262
g1,n10e4,td100,l99,n500,n20,wgs,bot,all,9765.451206,762.4777834,10519.84736,-4416491.598,8832989.195
g1,n10e4,td100,l99,n500,n200,rad10k,bot,t0,8129.96693,10,13161.38818,-10170.87195,20347.74391
g1,n10e4,td100,l99,n500,n200,rad10k,bot,t0t120,6356.950675,10,9883.436495,-16552.48902,33110.97803
g1,n10e4,td100,l99,n500,n200,rad10k,bot,all,7467.869715,979.5537016,8623.955988,-27191.22579,54388.45158
g1,n10e4,td100,l99,n500,n200,rad10k,bot,t0,8188.281306,51.02174506,13119.88935,-10132.62637,20271.25275
g1,n10e4,td100,l99,n500,n200,rad10k,bot,t0t120,6774.548091,10,10415.8054,-16386.64364,32779.28727
g1,n10e4,td100,l99,n500,n200,rad10k,bot,all,7535.077591,29.25037268,10703.64033,-27200.8765,54407.753
g1,n10e4,td100,l99,n500,n200,rad10k,bot,t0,8469.329155,10,12254.99879,-10116.53746,20239.07492
g1,n10e4,td100,l99,n500,n200,rad10k,bot,t0t120,6222.916175,10,9165.093657,-16409.00899,32824.01798
g1,n10e4,td100,l99,n500,n200,rad10k,bot,all,7211.49752,10,9851.571475,-27036.37115,54078.7423
g1,n10e4,td100,l99,n500,n200,rad10k,bot,t0,8183.108692,10,13432.45931,-10200.38128,20406.76256
g1,n10e4,td100,l99,n500,n200,rad10k,bot,t0t120,6707.783996,15.18576449,10813.61316,-16434.6088,32875.2176
g1,n10e4,td100,l99,n500,n200,rad10k,bot,all,7289.687169,10,11125.26351,-27113.86517,54233.73033
g1,n10e4,td100,l99,n500,n200,rad10k,bot,t0,8200.411544,10,13856.1606,-10260.73718,20527.47435
g1,n10e4,td100,l99,n500,n200,rad10k,bot,t0t120,6093.413599,10,10407.98137,-16688.76079,33383.52157
g1,n10e4,td100,l99,n500,n200,rad10k,bot,all,6715.157665,10,10839.4538,-27640.5677,55287.1354
g1,n10e4,td100,l99,n500,n200,rad50k,bot,t0,8561.705106,10,13279.60862,-52210.05115,104426.1023
g1,n10e4,td100,l99,n500,n200,rad50k,bot,t0t120,6236.960182,61.21046785,9621.625579,-84654.77704,169315.5541
g1,n10e4,td100,l99,n500,n200,rad50k,bot,all,7554.812817,51.25836659,10733.12753,-139816.609,279639.218
g1,n10e4,td100,l99,n500,n200,rad50k,bot,t0,8565.666682,10,12615.03026,-51427.60723,102861.2145
g1,n10e4,td100,l99,n500,n200,rad50k,bot,t0t120,6413.308448,10,9419.928339,-83415.76976,166837.5395
g1,n10e4,td100,l99,n500,n200,rad50k,bot,all,7387.219226,42.06263132,10060.50169,-137199.5871,274405.1741
g1,n10e4,td100,l99,n500,n200,rad50k,bot,t0,8510.135566,10,13015.97237,-51655.00673,103316.0135
g1,n10e4,td100,l99,n500,n200,rad50k,bot,t0t120,6747.112521,10,10063.39988,-83752.5853,167511.1706
g1,n10e4,td100,l99,n500,n200,rad50k,bot,all,7567.911357,10,10644.15067,-137882.5279,275771.0558
g1,n10e4,td100,l99,n500,n200,rad50k,bot,t0,8442.996014,10,12562.68386,-50849.6192,101705.2384
g1,n10e4,td100,l99,n500,n200,rad50k,bot,t0t120,6621.931008,10,9712.011767,-82316.26083,164638.5217
g1,n10e4,td100,l99,n500,n200,rad50k,bot,all,7800.276333,10,10456.54538,-135974.8514,271955.7028
g1,n10e4,td100,l99,n500,n200,rad50k,bot,t0,8296.466883,10,13138.54031,-51054.99096,102115.9819
g1,n10e4,td100,l99,n500,n200,rad50k,bot,t0t120,6722.104876,10,10407.52152,-82767.59275,165541.1855
g1,n10e4,td100,l99,n500,n200,rad50k,bot,all,7544.211047,11.33839338,10968.58843,-136785.6045,273577.209
g1,n10e4,td100,l99,n500,n50,rad10k,bot,t0,8480.822103,69.83495875,13515.19183,-5868.884164,11743.76833
g1,n10e4,td100,l99,n500,n50,rad10k,bot,t0t120,7994.856736,125.7051824,11699.04759,-9071.974068,18149.94814
g1,n10e4,td100,l99,n500,n50,rad10k,bot,all,8840.435191,86.45429269,12425.70072,-14913.54996,29833.09993
g1,n10e4,td100,l99,n500,n50,rad10k,bot,t0,8906.542679,10,12694.85961,-5839.518091,11685.03618
g1,n10e4,td100,l99,n500,n50,rad10k,bot,t0t120,8925.581814,115.4502028,11584.01706,-9057.2258,18120.4516
g1,n10e4,td100,l99,n500,n50,rad10k,bot,all,9400.777144,177.6461249,11788.75043,-14721.35261,29448.70523
g1,n10e4,td100,l99,n500,n50,rad10k,bot,t0,8794.853452,10,12988.11543,-5866.551158,11739.10232
g1,n10e4,td100,l99,n500,n50,rad10k,bot,t0t120,8843.987957,10,12386.06523,-8935.327803,17876.65561
g1,n10e4,td100,l99,n500,n50,rad10k,bot,all,9417.109676,103.2937805,12131.8287,-14737.36296,29480.72591
g1,n10e4,td100,l99,n500,n50,rad10k,bot,t0,8982.926068,38.85368905,12610.93337,-5881.513332,11769.02666
g1,n10e4,td100,l99,n500,n50,rad10k,bot,t0t120,9505.636373,2274.644776,6259.799024,-9071.697927,18149.39585
g1,n10e4,td100,l99,n500,n50,rad10k,bot,all,9701.648758,2221.505864,6791.950094,-14518.82378,29043.64756
g1,n10e4,td100,l99,n500,n50,rad10k,bot,t0,9126.873335,16.03522644,11867.35809,-5746.095095,11498.19019
g1,n10e4,td100,l99,n500,n50,rad10k,bot,t0t120,9301.556681,1267.498314,8437.043944,-8902.226874,17810.45375
g1,n10e4,td100,l99,n500,n50,rad10k,bot,all,10325.51617,1860.179549,7138.561274,-14445.28157,28896.56313
g1,n10e4,td100,l99,n500,n50,rad50k,bot,t0,8837.604342,10.68766875,12759.03222,-29165.86684,58337.73367
g1,n10e4,td100,l99,n500,n50,rad50k,bot,t0t120,8950.997106,56.33052785,11922.34888,-45049.25244,90104.50489
g1,n10e4,td100,l99,n500,n50,rad50k,bot,all,9174.26577,252.5517248,11776.3409,-73717.80224,147441.6045
g1,n10e4,td100,l99,n500,n50,rad50k,bot,t0,9181.767229,11.14127073,12542.84451,-29524.54088,59055.08175
g1,n10e4,td100,l99,n500,n50,rad50k,bot,t0t120,9085.573424,10,11776.07009,-45477.0068,90960.0136
g1,n10e4,td100,l99,n500,n50,rad50k,bot,all,9549.970598,34.82086408,12088.46174,-74185.96648,148377.933
g1,n10e4,td100,l99,n500,n50,rad50k,bot,t0,9202.974745,30.1289241,12199.72821,-29246.91135,58499.82269
g1,n10e4,td100,l99,n500,n50,rad50k,bot,t0t120,8915.25276,10,11165.76096,-45260.91585,90527.8317
g1,n10e4,td100,l99,n500,n50,rad50k,bot,all,9542.732904,10,11522.69393,-73658.66355,147323.3271
g1,n10e4,td100,l99,n500,n50,rad50k,bot,t0,9105.548907,16.56468023,12078.48679,-28925.63402,57857.26804
g1,n10e4,td100,l99,n500,n50,rad50k,bot,t0t120,9129.323613,10,11419.15836,-44654.0036,89314.0072
g1,n10e4,td100,l99,n500,n50,rad50k,bot,all,9431.242103,19.41534374,11523.61859,-73107.30876,146220.6175
g1,n10e4,td100,l99,n500,n50,rad50k,bot,t0,9173.896934,22.28498386,12888.32922,-29864.00858,59734.01716
g1,n10e4,td100,l99,n500,n50,rad50k,bot,t0t120,9042.658372,10,11884.96167,-46357.18788,92720.37577
g1,n10e4,td100,l99,n500,n50,rad50k,bot,all,9606.700278,10,12359.27758,-75294.06638,150594.1328
g1,n10e4,td100,l99,n500,n50,wgs,bot,t0,9102.371891,38.41099865,12471.00927,-2957863.404,5915732.809
g1,n10e4,td100,l99,n500,n50,wgs,bot,t0t120,8921.766159,10,11701.83121,-4567955.775,9135917.55
g1,n10e4,td100,l99,n500,n50,wgs,bot,all,9486.003975,10.03899156,12036.48089,-7443559.773,14887125.55
g1,n10e4,td100,l99,n500,n50,wgs,bot,t0,9023.732162,10,12498.63102,-2942974.247,5885954.494
g1,n10e4,td100,l99,n500,n50,wgs,bot,t0t120,8875.023782,10,11691.47389,-4544133.655,9088273.311
g1,n10e4,td100,l99,n500,n50,wgs,bot,all,9463.419329,10,12030.91908,-7409098.786,14818203.57
g1,n10e4,td100,l99,n500,n50,wgs,bot,t0,9065.358538,10,12505.79996,-2951032.303,5902070.605
g1,n10e4,td100,l99,n500,n50,wgs,bot,t0t120,8826.758856,10,11635.65697,-4565266.311,9130538.621
g1,n10e4,td100,l99,n500,n50,wgs,bot,all,9497.24331,10,12028.02997,-7447231.903,14894469.81
g1,n10e4,td100,l99,n500,n50,wgs,bot,t0,9045.468697,10,12487.30149,-2944011.994,5888029.987
g1,n10e4,td100,l99,n500,n50,wgs,bot,t0t120,8881.610299,18.82681885,11684.85438,-4540837.086,9081680.172
g1,n10e4,td100,l99,n500,n50,wgs,bot,all,9457.214786,10,12044.5969,-7402251.294,14804508.59
g1,n10e4,td100,l99,n500,n50,wgs,bot,t0,9120.785487,15.26215802,12462.94273,-2957070.469,5914146.938
g1,n10e4,td100,l99,n500,n50,wgs,bot,t0t120,9023.08313,58.18329458,11632.68836,-4562815.34,9125636.68
g1,n10e4,td100,l99,n500,n50,wgs,bot,all,9534.959526,10,12080.25147,-7433412.355,14866830.71
g1,n10e4,td190,l95,n500,n100,rad10k,bot,t0,9375.512532,624.7444185,9589.25034,-7697.324047,15400.64809
g1,n10e4,td190,l95,n500,n100,rad10k,bot,t0t120,8812.625062,13.95502763,10211.06391,-11771.23689,23548.47378
g1,n10e4,td190,l95,n500,n100,rad10k,bot,all,9664.658812,1277.291999,7653.939748,-19110.35141,38226.70282
g1,n10e4,td190,l95,n500,n100,rad10k,bot,t0,8968.556382,519.1103632,10858.03446,-7858.780506,15723.56101
g1,n10e4,td190,l95,n500,n100,rad10k,bot,t0t120,9014.821687,14.71363318,11692.36757,-11969.67943,23945.35887
g1,n10e4,td190,l95,n500,n100,rad10k,bot,all,9224.977446,1931.991219,7129.907888,-19613.11912,39232.23824
g1,n10e4,td190,l95,n500,n100,rad10k,bot,t0,9370.52938,10,11935.35896,-8033.784621,16073.56924
g1,n10e4,td190,l95,n500,n100,rad10k,bot,t0t120,8530.321643,27.04641611,11007.84452,-12267.50761,24541.01521
g1,n10e4,td190,l95,n500,n100,rad10k,bot,all,10023.93863,1347.990685,8750.223589,-20286.06425,40578.1285
g1,n10e4,td190,l95,n500,n100,rad10k,bot,t0,9254.933287,10,12564.69653,-8126.163077,16258.32615
g1,n10e4,td190,l95,n500,n100,rad10k,bot,t0t120,9351.149756,10,12279.99925,-12374.65102,24755.30204
g1,n10e4,td190,l95,n500,n100,rad10k,bot,all,9203.281928,13.54142801,11983.77976,-20451.59061,40909.18123
g1,n10e4,td190,l95,n500,n100,rad10k,bot,t0,9540.263083,10,11706.79051,-8054.889171,16115.77834
g1,n10e4,td190,l95,n500,n100,rad10k,bot,t0t120,8897.041944,737.7648165,9144.658227,-12399.76154,24805.52309
g1,n10e4,td190,l95,n500,n100,rad10k,bot,all,9447.451047,896.7776604,9213.430834,-20107.61401,40221.22802
g1,n10e4,td190,l95,n500,n100,rad50k,bot,t0,9496.918164,10,12522.98697,-41289.41786,82584.83573
g1,n10e4,td190,l95,n500,n100,rad50k,bot,t0t120,8968.317842,16.6370391,11699.00933,-63450.36994,126906.7399
g1,n10e4,td190,l95,n500,n100,rad50k,bot,all,9454.110517,24.25070365,12025.27738,-104353.0095,208712.0191
g1,n10e4,td190,l95,n500,n100,rad50k,bot,t0,9215.263576,10,12555.58131,-40685.38651,81376.77301
g1,n10e4,td190,l95,n500,n100,rad50k,bot,t0t120,8995.175361,14.0994631,11834.73242,-62154.65381,124315.3076
g1,n10e4,td190,l95,n500,n100,rad50k,bot,all,9655.296234,1329.829699,9131.708373,-102266.2874,204538.5749
g1,n10e4,td190,l95,n500,n100,rad50k,bot,t0,9501.710466,721.6435252,10888.1769,-41174.55079,82355.10158
g1,n10e4,td190,l95,n500,n100,rad50k,bot,t0t120,8877.797381,18.00852104,11632.33646,-62969.83402,125945.668
g1,n10e4,td190,l95,n500,n100,rad50k,bot,all,9522.695536,1312.85747,8990.095691,-103373.2042,206752.4084
g1,n10e4,td190,l95,n500,n100,rad50k,bot,t0,9537.830716,207.2469238,11972.54861,-41250.40922,82506.81845
g1,n10e4,td190,l95,n500,n100,rad50k,bot,t0t120,9430.183275,831.7101201,10104.09322,-62912.78617,125831.5723
g1,n10e4,td190,l95,n500,n100,rad50k,bot,all,9814.200546,1199.756113,9441.530289,-103654.3896,207314.7792
g1,n10e4,td190,l95,n500,n100,rad50k,bot,t0,9392.842367,10,12678.79937,-41247.06946,82500.13892
g1,n10e4,td190,l95,n500,n100,rad50k,bot,t0t120,8842.366819,17.41894824,11903.0521,-62736.01296,125478.0259
g1,n10e4,td190,l95,n500,n100,rad50k,bot,all,9661.025895,989.0238653,10166.27543,-103042.6252,206091.2505
g1,n10e4,td190,l95,n500,n100,wgs,bot,t0,9458.079811,40.12133263,12267.09749,-4127176.437,8254358.874
g1,n10e4,td190,l95,n500,n100,wgs,bot,t0t120,8993.766346,268.8411308,11061.97917,-6311103.204,12622212.41
g1,n10e4,td190,l95,n500,n100,wgs,bot,all,9596.563669,977.8223051,9750.417946,-10371205.52,20742417.03
g1,n10e4,td190,l95,n500,n100,wgs,bot,t0,9426.993274,14.23962143,12324.53624,-4117542.143,8235090.285
g1,n10e4,td190,l95,n500,n100,wgs,bot,t0t120,9207.135415,10,11779.9076,-6294287.364,12588580.73
g1,n10e4,td190,l95,n500,n100,wgs,bot,all,9813.837271,741.9241296,10500.22456,-10338877.84,20677761.69
g1,n10e4,td190,l95,n500,n100,wgs,bot,t0,9442.229427,13.92922428,12326.07949,-4122308.938,8244623.876
g1,n10e4,td190,l95,n500,n100,wgs,bot,t0t120,9048.261757,25.57923233,11618.19789,-6303338.112,12606682.22
g1,n10e4,td190,l95,n500,n100,wgs,bot,all,9552.760827,498.9236172,10889.65116,-10363207.39,20726420.79
g1,n10e4,td190,l95,n500,n100,wgs,bot,t0,9395.395291,14.98623188,12300.93822,-4108424.821,8216855.641
g1,n10e4,td190,l95,n500,n100,wgs,bot,t0t120,9070.650556,91.22898211,11515.64461,-6283124.23,12566254.46
g1,n10e4,td190,l95,n500,n100,wgs,bot,all,9721.851232,923.2437892,10005.05317,-10331580.49,20663166.97
g1,n10e4,td190,l95,n500,n100,wgs,bot,t0,9446.2027,13.87838607,12313.8975,-4121999.31,8244004.62
g1,n10e4,td190,l95,n500,n100,wgs,bot,t0t120,8981.088214,112.6214133,11398.1612,-6298151.73,12596309.46
g1,n10e4,td190,l95,n500,n100,wgs,bot,all,9685.205182,755.4985352,10379.23428,-10346934.83,20693875.67
g1,n10e4,td190,l95,n500,n20,wgs,bot,t0,9550.944674,268.6699326,11730.96572,-1779278.417,3558562.834
g1,n10e4,td190,l95,n500,n20,wgs,bot,t0t120,9702.810601,86.41825994,11992.73866,-2733352.264,5466710.527
g1,n10e4,td190,l95,n500,n20,wgs,bot,all,9796.484812,10.10455195,12135.76491,-4430322.294,8860650.588
g1,n10e4,td190,l95,n500,n20,wgs,bot,t0,9624.113684,188.2564649,11878.20111,-1781980.525,3563967.051
g1,n10e4,td190,l95,n500,n20,wgs,bot,t0t120,9717.546427,69.12379303,12032.39296,-2735083.785,5470173.57
g1,n10e4,td190,l95,n500,n20,wgs,bot,all,9831.125225,10.06251524,12158.00757,-4425648.609,8851303.218
g1,n10e4,td190,l95,n500,n20,wgs,bot,t0,9690.892958,223.7819552,11782.04091,-1784329.224,3568664.449
g1,n10e4,td190,l95,n500,n20,wgs,bot,t0t120,9818.644747,374.0228029,11402.8708,-2729031.912,5458069.823
g1,n10e4,td190,l95,n500,n20,wgs,bot,all,9812.291783,10.00001503,12179.78443,-4426222.677,8852451.354
g1,n10e4,td190,l95,n500,n20,wgs,bot,t0,9657.825326,220.8869027,11755.33643,-1779125.308,3558256.616
g1,n10e4,td190,l95,n500,n20,wgs,bot,t0t120,9663.421537,68.90218897,12006.09082,-2729199.915,5458405.83
g1,n10e4,td190,l95,n500,n20,wgs,bot,all,9756.842857,10.03802583,12130.10834,-4420337.601,8840681.203
g1,n10e4,td190,l95,n500,n20,wgs,bot,t0,9623.666986,191.7228959,11870.17796,-1782203.989,3564413.978
g1,n10e4,td190,l95,n500,n20,wgs,bot,t0t120,9638.890603,65.30304718,12026.66696,-2737187.948,5474381.897
g1,n10e4,td190,l95,n500,n20,wgs,bot,all,9786.534167,10.12271185,12165.2339,-4434877.143,8869760.286
g1,n10e4,td190,l95,n500,n200,rad10k,bot,t0,9245.624324,16.05965315,11824.38708,-10495.5174,20997.0348
g1,n10e4,td190,l95,n500,n200,rad10k,bot,t0t120,8883.98223,10.83916332,10981.87665,-16453.16638,32912.33277
g1,n10e4,td190,l95,n500,n200,rad10k,bot,all,9392.506134,1116.032134,8459.032521,-27064.47049,54134.94099
g1,n10e4,td190,l95,n500,n200,rad10k,bot,t0,8620.581976,10,12104.00663,-10199.80559,20405.61118
g1,n10e4,td190,l95,n500,n200,rad10k,bot,t0t120,8640.303388,14.23771162,11492.55021,-16027.78644,32061.57289
g1,n10e4,td190,l95,n500,n200,rad10k,bot,all,9372.993648,1817.375977,7621.327101,-26300.83444,52607.66888
g1,n10e4,td190,l95,n500,n200,rad10k,bot,t0,9071.950275,19.12891689,10874.98113,-10088.14676,20182.29351
g1,n10e4,td190,l95,n500,n200,rad10k,bot,t0t120,8582.703243,416.6010104,9278.160631,-15747.9714,31501.94281
g1,n10e4,td190,l95,n500,n200,rad10k,bot,all,9064.69293,1143.199992,7602.820061,-25885.28674,51776.57348
g1,n10e4,td190,l95,n500,n200,rad10k,bot,t0,9215.138088,20.46112312,12530.6657,-10679.27057,21364.54114
g1,n10e4,td190,l95,n500,n200,rad10k,bot,t0t120,8991.458971,45.57296342,11925.13231,-16426.52657,32859.05314
g1,n10e4,td190,l95,n500,n200,rad10k,bot,all,9192.945805,10,11815.15771,-27294.08716,54594.17433
g1,n10e4,td190,l95,n500,n200,rad10k,bot,t0,9172.908997,10.85492285,12074.21432,-10493.83012,20993.66024
g1,n10e4,td190,l95,n500,n200,rad10k,bot,t0t120,8597.010655,10.18801932,11066.53129,-16323.83968,32653.67935
g1,n10e4,td190,l95,n500,n200,rad10k,bot,all,9361.951829,330.4200046,10997.61082,-27031.79493,54069.58986
g1,n10e4,td190,l95,n500,n200,rad50k,bot,t0,9104.88929,10,12604.45078,-53151.27308,106308.5462
g1,n10e4,td190,l95,n500,n200,rad50k,bot,t0t120,8406.043524,14.01756648,11405.79716,-82940.00379,165886.0076
g1,n10e4,td190,l95,n500,n200,rad50k,bot,all,9402.39233,1224.169512,9163.266729,-137125.9418,274257.8836
g1,n10e4,td190,l95,n500,n200,rad50k,bot,t0,9326.478119,10,12448.16793,-53900.23219,107806.4644
g1,n10e4,td190,l95,n500,n200,rad50k,bot,t0t120,8729.287049,13.45712134,11429.44402,-83765.61793,167537.2359
g1,n10e4,td190,l95,n500,n200,rad50k,bot,all,9542.91466,1056.295387,9570.670278,-138595.6317,277197.2635
g1,n10e4,td190,l95,n500,n200,rad50k,bot,t0,9113.714773,69.62981521,12688.18869,-53588.12267,107182.2453
g1,n10e4,td190,l95,n500,n200,rad50k,bot,t0t120,8518.956433,21.66489472,11636.19606,-83582.12811,167170.2562
g1,n10e4,td190,l95,n500,n200,rad50k,bot,all,9383.699551,934.0916845,10051.72897,-137884.5302,275775.0605
g1,n10e4,td190,l95,n500,n200,rad50k,bot,t0,9240.393558,14.55126738,12515.18743,-53742.73589,107491.4718
g1,n10e4,td190,l95,n500,n200,rad50k,bot,t0t120,8663.074486,13.73802115,11456.50287,-83929.93181,167865.8636
g1,n10e4,td190,l95,n500,n200,rad50k,bot,all,9387.070527,1117.618082,9411.720568,-138427.8054,276861.6108
g1,n10e4,td190,l95,n500,n200,rad50k,bot,t0,9254.243379,10,12713.6439,-53832.49848,107670.997
g1,n10e4,td190,l95,n500,n200,rad50k,bot,t0t120,8430.188832,13.61761889,11447.15238,-84204.11989,168414.2398
g1,n10e4,td190,l95,n500,n200,rad50k,bot,all,9203.010467,37.65558484,11746.93722,-139446.9671,278899.9343
g1,n10e4,td190,l95,n500,n50,rad10k,bot,t0,9442.16267,939.0637009,8850.108002,-5545.243437,11096.48687
g1,n10e4,td190,l95,n500,n50,rad10k,bot,t0t120,9828.361452,1225.421443,7880.618344,-8382.633604,16771.26721
g1,n10e4,td190,l95,n500,n50,rad10k,bot,all,9593.663388,1185.693673,8057.676651,-13591.51951,27189.03901
g1,n10e4,td190,l95,n500,n50,rad10k,bot,t0,9311.386086,10,11951.44265,-5818.431469,11642.86294
g1,n10e4,td190,l95,n500,n50,rad10k,bot,t0t120,9660.368565,30.26246187,11695.00553,-8898.229985,17802.45997
g1,n10e4,td190,l95,n500,n50,rad10k,bot,all,10580.08828,1686.385195,8136.092354,-14575.22873,29156.45747
g1,n10e4,td190,l95,n500,n50,rad10k,bot,t0,9459.162167,10,12367.68004,-5950.918801,11907.8376
g1,n10e4,td190,l95,n500,n50,rad10k,bot,t0t120,9427.622355,36.08377928,12226.19765,-9115.337299,18236.6746
g1,n10e4,td190,l95,n500,n50,rad10k,bot,all,9423.957227,10,12374.51498,-14731.12934,29468.25869
g1,n10e4,td190,l95,n500,n50,rad10k,bot,t0,9255.256223,1363.050344,8747.268212,-5693.207751,11392.4155
g1,n10e4,td190,l95,n500,n50,rad10k,bot,t0t120,9437.309191,1866.657692,7490.907565,-8632.917222,17271.83444
g1,n10e4,td190,l95,n500,n50,rad10k,bot,all,9641.548344,2091.580947,6723.724745,-14028.36089,28062.72179
g1,n10e4,td190,l95,n500,n50,rad10k,bot,t0,9754.836103,10,11631.36563,-5880.678195,11767.35639
g1,n10e4,td190,l95,n500,n50,rad10k,bot,t0t120,9863.676096,1341.182015,8500.347778,-8857.086653,17720.17331
g1,n10e4,td190,l95,n500,n50,rad10k,bot,all,10012.49468,1059.639031,9081.89884,-14328.20335,28662.40671
g1,n10e4,td190,l95,n500,n50,rad50k,bot,t0,9336.919212,10,12469.9522,-29665.05613,59336.11226
g1,n10e4,td190,l95,n500,n50,rad50k,bot,t0t120,9368.883608,35.99637423,12117.80899,-44919.08374,89844.16747
g1,n10e4,td190,l95,n500,n50,rad50k,bot,all,9859.495975,1460.329458,8928.694112,-73781.00563,147568.0113
g1,n10e4,td190,l95,n500,n50,rad50k,bot,t0,9697.126275,891.4793917,10476.25808,-30046.45887,60098.91774
g1,n10e4,td190,l95,n500,n50,rad50k,bot,t0t120,9703.794507,28.61972958,12099.2637,-45539.9116,91085.8232
g1,n10e4,td190,l95,n500,n50,rad50k,bot,all,10071.6572,1308.267426,9324.271542,-74395.67867,148797.3573
g1,n10e4,td190,l95,n500,n50,rad50k,bot,t0,9442.752148,10,12650.8981,-30065.37461,60136.74922
g1,n10e4,td190,l95,n500,n50,rad50k,bot,t0t120,9281.358009,37.34086297,12231.92322,-45386.53132,90779.06265
g1,n10e4,td190,l95,n500,n50,rad50k,bot,all,9824.105756,934.307142,10405.0741,-74400.21728,148806.4346
g1,n10e4,td190,l95,n500,n50,rad50k,bot,t0,9616.059074,10,12408.15512,-30061.69175,60129.3835
g1,n10e4,td190,l95,n500,n50,rad50k,bot,t0t120,9581.645292,10,12084.12968,-45941.69956,91889.39913
g1,n10e4,td190,l95,n500,n50,rad50k,bot,all,9929.712462,612.7036278,11149.02822,-74847.49138,149700.9828
g1,n10e4,td190,l95,n500,n50,rad50k,bot,t0,9439.923103,439.4491339,11494.78785,-29791.16945,59588.3389
g1,n10e4,td190,l95,n500,n50,rad50k,bot,t0t120,9606.659156,826.345764,10366.32086,-45518.50441,91043.00882
g1,n10e4,td190,l95,n500,n50,rad50k,bot,all,9849.287789,1382.255073,9157.200619,-74118.44503,148242.8901
g1,n10e4,td190,l95,n500,n50,wgs,bot,t0,9595.902778,265.6448235,11730.11267,-3004003.222,6008012.444
g1,n10e4,td190,l95,n500,n50,wgs,bot,t0t120,9610.013213,60.71760094,11950.13496,-4552266.38,9104538.759
g1,n10e4,td190,l95,n500,n50,wgs,bot,all,9815.869423,10.00002927,12149.50062,-7429690.038,14859386.08
g1,n10e4,td190,l95,n500,n50,wgs,bot,t0,9560.653212,246.1765231,11788.32313,-3002222.484,6004450.968
g1,n10e4,td190,l95,n500,n50,wgs,bot,t0t120,9376.010694,63.97075637,11784.17626,-4562965.455,9125936.911
g1,n10e4,td190,l95,n500,n50,wgs,bot,all,9717.749281,10.00005972,12060.00883,-7449006.007,14898018.01
g1,n10e4,td190,l95,n500,n50,wgs,bot,t0,9518.191175,221.4023987,11815.55924,-2991271.369,5982548.737
g1,n10e4,td190,l95,n500,n50,wgs,bot,t0t120,9428.834118,65.02734021,11837.23403,-4539677.08,9079360.16
g1,n10e4,td190,l95,n500,n50,wgs,bot,all,9698.14584,10.00005136,12071.44704,-7428722.066,14857450.13
g1,n10e4,td190,l95,n500,n50,wgs,bot,t0,9587.448425,262.615435,11736.99403,-3002560.527,6005127.054
g1,n10e4,td190,l95,n500,n50,wgs,bot,t0t120,9490.876806,62.76152254,11857.35366,-4560259.71,9120525.42
g1,n10e4,td190,l95,n500,n50,wgs,bot,all,9783.766215,10.00002978,12122.76825,-7444984.841,14889975.68
g1,n10e4,td190,l95,n500,n50,wgs,bot,t0,9547.524058,232.5815553,11807.14033,-2999128.574,5998263.148
g1,n10e4,td190,l95,n500,n50,wgs,bot,t0t120,9397.193808,65.16822597,11810.88752,-4552867.079,9105740.159
g1,n10e4,td190,l95,n500,n50,wgs,bot,all,9759.709824,10.00005228,12096.91886,-7433394.01,14866794.02
g1,n10e4,constant,constant,n500,n100,rad10k,exp,t0,10841.43254,483993.3941,47073.00283,-60696.03971,121398.0794
g1,n10e4,constant,constant,n500,n100,rad10k,exp,t0t120,10509.03485,108077.7844,12103.92466,-92484.55347,184975.1069
g1,n10e4,constant,constant,n500,n100,rad10k,exp,all,10524.72124,107580.958,12045.77022,-163568.1082,327142.2165
g1,n10e4,constant,constant,n500,n100,rad10k,exp,t0,11555.04019,567733.0939,54348.2794,-61078.79379,122163.5876
g1,n10e4,constant,constant,n500,n100,rad10k,exp,t0t120,10311.91701,97357.28826,9620.260507,-92819.89894,185645.7979
g1,n10e4,constant,constant,n500,n100,rad10k,exp,all,9979.327267,95307.37232,8948.398225,-164507.925,329021.85
g1,n10e4,constant,constant,n500,n100,rad10k,exp,t0,11286.44323,342487.8172,41186.77355,-60941.56443,121889.1289
g1,n10e4,constant,constant,n500,n100,rad10k,exp,t0t120,10022.47307,101617.3191,10385.70337,-92969.31374,185944.6275
g1,n10e4,constant,constant,n500,n100,rad10k,exp,all,10460.12296,104441.3601,11317.13884,-164278.9128,328563.8256
g1,n10e4,constant,constant,n500,n100,rad10k,exp,t0,10704.84215,528588.2132,48446.42128,-60567.10626,121140.2125
g1,n10e4,constant,constant,n500,n100,rad10k,exp,t0t120,9491.638628,101264.8204,9818.017659,-92727.34643,185460.6929
g1,n10e4,constant,constant,n500,n100,rad10k,exp,all,9962.566654,104164.5392,10836.20565,-164079.5164,328165.0329
g1,n10e4,constant,constant,n500,n100,rad10k,exp,t0,9337.815138,91021.09692,7299.566214,-61266.09447,122538.1889
g1,n10e4,constant,constant,n500,n100,rad10k,exp,t0t120,10096.0839,93279.0867,8273.596186,-93367.34624,186740.6925
g1,n10e4,constant,constant,n500,n100,rad10k,exp,all,10560.68254,94873.80441,9158.08692,-165177.6656,330361.3312
g1,n10e4,constant,constant,n500,n100,rad50k,exp,t0,11216.24792,487088.902,48919.69605,-306601.6164,613209.2328
g1,n10e4,constant,constant,n500,n100,rad50k,exp,t0t120,9847.99482,97654.68783,9233.102916,-467322.0541,934650.1081
g1,n10e4,constant,constant,n500,n100,rad50k,exp,all,9784.629908,97165.55415,9083.634271,-827307.4834,1654620.967
g1,n10e4,constant,constant,n500,n100,rad50k,exp,t0,10928.36983,502795.4964,48502.35434,-302658.6085,605323.217
g1,n10e4,constant,constant,n500,n100,rad50k,exp,t0t120,10441.05243,103757.7996,11307.28066,-461112.7601,922231.5202
g1,n10e4,constant,constant,n500,n100,rad50k,exp,all,10233.00506,102624.5791,10835.06262,-817733.3968,1635472.794
g1,n10e4,constant,constant,n500,n100,rad50k,exp,t0,10871.45383,459654.7289,46101.22768,-303727.5544,607461.1087
g1,n10e4,constant,constant,n500,n100,rad50k,exp,t0t120,9994.766064,101666.5196,10299.84612,-463587.2879,927180.5758
g1,n10e4,constant,constant,n500,n100,rad50k,exp,all,10149.47752,102536.1953,10670.81703,-822484.2011,1644974.402
g1,n10e4,constant,constant,n500,n100,rad50k,exp,t0,10936.78931,505819.0825,48531.75912,-304178.3761,608362.7522
g1,n10e4,constant,constant,n500,n100,rad50k,exp,t0t120,10385.23994,102850.183,10968.40552,-464454.5354,928915.0709
g1,n10e4,constant,constant,n500,n100,rad50k,exp,all,9905.597522,101246.4603,10137.66609,-823377.8723,1646761.745
g1,n10e4,constant,constant,n500,n100,rad50k,exp,t0,9922.993628,102870.5083,10419.3966,-304126.1668,608258.3337
g1,n10e4,constant,constant,n500,n100,rad50k,exp,t0t120,10689.92494,509401.4059,47547.54643,-464502.7036,929011.4072
g1,n10e4,constant,constant,n500,n100,rad50k,exp,all,10327.50503,103597.5961,11019.60659,-821934.6169,1643875.234
g1,n10e4,constant,constant,n500,n100,wgs,exp,t0,10091.64677,101365.9965,10383.85994,-30597487.05,61194980.11
g1,n10e4,constant,constant,n500,n100,wgs,exp,t0t120,10275.08813,101943.3998,10645.07092,-46660771.54,93321549.07
g1,n10e4,constant,constant,n500,n100,wgs,exp,all,11033.49548,188299.3077,26263.44086,-82676805.2,165353616.4
g1,n10e4,constant,constant,n500,n100,wgs,exp,t0,10091.93247,100086.0892,10132.72947,-30586991.25,61173988.51
g1,n10e4,constant,constant,n500,n100,wgs,exp,t0t120,10071.90194,99792.90263,10047.02006,-46658472.49,93316950.99
g1,n10e4,constant,constant,n500,n100,wgs,exp,all,10687.09432,223108.6267,29403.58108,-82709675.75,165419357.5
g1,n10e4,constant,constant,n500,n100,wgs,exp,t0,9931.548759,98892.60064,9709.008403,-30552555.73,61105117.46
g1,n10e4,constant,constant,n500,n100,wgs,exp,t0t120,10466.78127,101552.9354,10774.4834,-46567528.2,93135062.41
g1,n10e4,constant,constant,n500,n100,wgs,exp,all,10061.47779,99704.74305,9996.100248,-82618465.86,165236937.7
g1,n10e4,constant,constant,n500,n100,wgs,exp,t0,10077.92422,99792.27758,10078.80308,-30559093.07,61118192.14
g1,n10e4,constant,constant,n500,n100,wgs,exp,t0t120,10066.93363,99629.95358,10012.44577,-46637727.53,93275461.06
g1,n10e4,constant,constant,n500,n100,wgs,exp,all,10204.66021,100685.9407,10342.65312,-82615200.16,165230406.3
g1,n10e4,constant,constant,n500,n100,wgs,exp,t0,10024.81723,99898.37763,10053.3959,-30525755.86,61051517.71
g1,n10e4,constant,constant,n500,n100,wgs,exp,t0t120,9983.181134,99904.68532,10017.58638,-46589819.58,93179645.16
g1,n10e4,constant,constant,n500,n100,wgs,exp,all,10009.26972,100434.2239,10163.7463,-82519906.93,165039819.9
g1,n10e4,constant,constant,n500,n20,wgs,exp,t0,12195.41947,211348.4988,32609.88628,-17936796.04,35873598.08
g1,n10e4,constant,constant,n500,n20,wgs,exp,t0t120,9899.822703,99702.73556,9840.876509,-27523122.9,55046251.8
g1,n10e4,constant,constant,n500,n20,wgs,exp,all,9911.345387,99769.65458,9878.154696,-47521145.79,95042297.59
g1,n10e4,constant,constant,n500,n20,wgs,exp,t0,12007.7837,205900.542,31270.83134,-17977544.18,35955094.36
g1,n10e4,constant,constant,n500,n20,wgs,exp,t0t120,10254.00889,101880.4921,10647.57015,-27563971.38,55127948.77
g1,n10e4,constant,constant,n500,n20,wgs,exp,all,9825.623089,100869.7217,9934.978545,-47590190.99,95180387.97
g1,n10e4,constant,constant,n500,n20,wgs,exp,t0,12150.32811,202739.5945,31398.73166,-17933512.85,35867031.7
g1,n10e4,constant,constant,n500,n20,wgs,exp,t0t120,10052.96564,99646.40764,10026.30548,-27510365.95,55020737.91
g1,n10e4,constant,constant,n500,n20,wgs,exp,all,9737.85576,98032.02797,9330.178767,-47519775.42,95039556.85
g1,n10e4,constant,constant,n500,n20,wgs,exp,t0,11992.60407,205178.2094,31274.46253,-17893708.27,35787422.53
g1,n10e4,constant,constant,n500,n20,wgs,exp,t0t120,9584.078634,98822.41481,9356.583152,-27510961.23,55021928.46
g1,n10e4,constant,constant,n500,n20,wgs,exp,all,10357.54786,101186.2108,10755.3077,-47402148.29,94804302.58
g1,n10e4,constant,constant,n500,n20,wgs,exp,t0,12052.15075,204765.8993,31324.31307,-17939570.97,35879147.93
g1,n10e4,constant,constant,n500,n20,wgs,exp,t0t120,9847.18208,99329.03034,9691.918386,-27557876.71,55115759.43
g1,n10e4,constant,constant,n500,n20,wgs,exp,all,10435.57741,102032.2719,10959.24649,-47554536.92,95109079.84
g1,n10e4,constant,constant,n500,n200,rad10k,exp,t0,9771.060005,92452.46516,8025.492939,-72561.74517,145129.4903
g1,n10e4,constant,constant,n500,n200,rad10k,exp,t0t120,10001.71067,94280.7403,8300.285759,-111137.2654,222280.5309
g1,n10e4,constant,constant,n500,n200,rad10k,exp,all,10255.80562,94250.82107,8710.545592,-197831.2791,395668.5582
g1,n10e4,constant,constant,n500,n200,rad10k,exp,t0,10444.5971,97304.90725,9914.516286,-72312.6454,144631.2908
g1,n10e4,constant,constant,n500,n200,rad10k,exp,t0t120,10375.87809,96744.39717,9549.809685,-110927.5832,221861.1663
g1,n10e4,constant,constant,n500,n200,rad10k,exp,all,10539.2396,97744.14579,9892.547465,-196904.2703,393814.5406
g1,n10e4,constant,constant,n500,n200,rad10k,exp,t0,10248.20744,102305.8623,10763.05134,-72045.77481,144097.5496
g1,n10e4,constant,constant,n500,n200,rad10k,exp,t0t120,9585.181722,98194.03851,9486.495315,-111271.5474,222549.0948
g1,n10e4,constant,constant,n500,n200,rad10k,exp,all,10357.14282,102727.7197,10789.44169,-196746.0833,393498.1666
g1,n10e4,constant,constant,n500,n200,rad10k,exp,t0,10338.11739,108725.8008,12211.76871,-71910.14472,143826.2894
g1,n10e4,constant,constant,n500,n200,rad10k,exp,t0t120,10091.1607,104889.6422,10974.23901,-110376.7241,220759.4481
g1,n10e4,constant,constant,n500,n200,rad10k,exp,all,10399.43477,107411.8502,11727.63088,-195893.5459,391793.0918
g1,n10e4,constant,constant,n500,n200,rad10k,exp,t0,9964.315624,102512.9874,10500.53049,-71687.23872,143380.4774
g1,n10e4,constant,constant,n500,n200,rad10k,exp,t0t120,9959.54766,102683.312,10513.65506,-110470.188,220946.3759
g1,n10e4,constant,constant,n500,n200,rad10k,exp,all,9751.883983,101372.4692,10055.85083,-196529.3896,393064.7793
g1,n10e4,constant,constant,n500,n200,rad50k,exp,t0,10052.76729,102264.8518,10612.82011,-358084.2557,716174.5113
g1,n10e4,constant,constant,n500,n200,rad50k,exp,t0t120,10187.97251,102661.7961,10783.95179,-550301.8985,1100609.797
g1,n10e4,constant,constant,n500,n200,rad50k,exp,all,10286.20823,103394.3543,11004.25839,-978417.6044,1956841.209
g1,n10e4,constant,constant,n500,n200,rad50k,exp,t0,10045.86013,103159.0421,10629.09228,-360174.1995,720354.399
g1,n10e4,constant,constant,n500,n200,rad50k,exp,t0t120,9954.167281,102338.8614,10458.58642,-554298.3052,1108602.61
g1,n10e4,constant,constant,n500,n200,rad50k,exp,all,10460.29475,104602.0844,11331.4339,-983655.6329,1967317.266
g1,n10e4,constant,constant,n500,n200,rad50k,exp,t0,10060.68164,101808.0815,10405.66608,-359945.9276,719897.8552
g1,n10e4,constant,constant,n500,n200,rad50k,exp,t0t120,10194.11057,101258.6239,10348.63201,-553658.917,1107323.834
g1,n10e4,constant,constant,n500,n200,rad50k,exp,all,10231.97791,102559.041,10687.17505,-984545.7643,1969097.529
g1,n10e4,constant,constant,n500,n200,rad50k,exp,t0,10128.06112,103146.2013,10804.87721,-359430.0851,718866.1702
g1,n10e4,constant,constant,n500,n200,rad50k,exp,t0t120,10095.4512,102157.5828,10535.13529,-553440.4862,1106886.972
g1,n10e4,constant,constant,n500,n200,rad50k,exp,all,10148.77744,102222.9972,10573.29101,-983046.9404,1966099.881
g1,n10e4,constant,constant,n500,n200,rad50k,exp,t0,10133.26853,98900.78021,9762.295357,-362643.1787,725292.3574
g1,n10e4,constant,constant,n500,n200,rad50k,exp,t0t120,9706.29858,97128.4371,9035.311392,-557972.3618,1115950.724
g1,n10e4,constant,constant,n500,n200,rad50k,exp,all,9755.356632,96735.09256,8936.608655,-990902.3795,1981810.759
g1,n10e4,constant,constant,n500,n50,rad10k,exp,t0,11274.90616,339883.9322,40928.48988,-49914.51371,99835.02741
g1,n10e4,constant,constant,n500,n50,rad10k,exp,t0t120,9940.136227,101929.0281,10311.2728,-76092.42781,152190.8556
g1,n10e4,constant,constant,n500,n50,rad10k,exp,all,10488.01542,104015.8556,11359.51175,-133547.8663,267101.7326
g1,n10e4,constant,constant,n500,n50,rad10k,exp,t0,10777.76853,403357.803,42823.33777,-49571.59298,99149.18595
g1,n10e4,constant,constant,n500,n50,rad10k,exp,t0t120,9428.188687,101074.0404,9550.498785,-75910.27149,151826.543
g1,n10e4,constant,constant,n500,n50,rad10k,exp,all,10173.91115,104453.6103,11083.98442,-133321.2694,266648.5388
g1,n10e4,constant,constant,n500,n50,rad10k,exp,t0,11104.82713,452414.7328,46714.17591,-49811.21904,99628.43808
g1,n10e4,constant,constant,n500,n50,rad10k,exp,t0t120,11076.17116,113713.6412,14181.64061,-75502.41716,151010.8343
g1,n10e4,constant,constant,n500,n50,rad10k,exp,all,9921.199237,103445.8538,10577.89066,-133440.91,266887.82
g1,n10e4,constant,constant,n500,n50,rad10k,exp,t0,11836.33148,390281.4647,46678.19153,-50051.6093,100109.2186
g1,n10e4,constant,constant,n500,n50,rad10k,exp,t0t120,10317.20112,97026.16346,9628.512749,-75916.84975,151839.6995
g1,n10e4,constant,constant,n500,n50,rad10k,exp,all,9897.16982,94413.63772,8717.759322,-134011.2778,268028.5556
g1,n10e4,constant,constant,n500,n50,rad10k,exp,t0,10018.37149,91831.66775,8098.077888,-50420.9132,100847.8264
g1,n10e4,constant,constant,n500,n50,rad10k,exp,t0t120,11548.76751,432132.6983,47801.92504,-76478.05054,152962.1011
g1,n10e4,constant,constant,n500,n50,rad10k,exp,all,9962.275943,92934.8237,8165.078404,-134339.523,268685.0459
g1,n10e4,constant,constant,n500,n50,rad50k,exp,t0,11109.67835,546403.919,51133.94244,-249108.3289,498222.6578
g1,n10e4,constant,constant,n500,n50,rad50k,exp,t0t120,9858.890576,101281.4173,10076.22015,-379633.3959,759272.7919
g1,n10e4,constant,constant,n500,n50,rad50k,exp,all,10035.56442,102622.8024,10535.2525,-667109.6754,1334225.351
g1,n10e4,constant,constant,n500,n50,rad50k,exp,t0,11719.09802,327401.6129,41719.69801,-251273.1965,502552.393
g1,n10e4,constant,constant,n500,n50,rad50k,exp,t0t120,10410.18179,99432.31322,10237.08786,-381990.592,763987.184
g1,n10e4,constant,constant,n500,n50,rad50k,exp,all,10198.94331,99030.20207,9933.649661,-671594.4798,1343194.96
g1,n10e4,constant,constant,n500,n50,rad50k,exp,t0,11246.57081,367179.7296,42760.97407,-248086.0756,496178.1512
g1,n10e4,constant,constant,n500,n50,rad50k,exp,t0t120,10059.0413,101501.3913,10466.89756,-377769.4437,755544.8874
g1,n10e4,constant,constant,n500,n50,rad50k,exp,all,10338.31164,104520.8485,11371.03655,-663879.9244,1327765.849
g1,n10e4,constant,constant,n500,n50,rad50k,exp,t0,10417.83616,103454.0844,11216.32527,-249538.8775,499083.7549
g1,n10e4,constant,constant,n500,n50,rad50k,exp,t0t120,10216.43345,103257.7056,10824.37197,-379568.3913,759142.7826
g1,n10e4,constant,constant,n500,n50,rad50k,exp,all,9929.830001,100595.7186,10005.00318,-668309.3962,1336624.792
g1,n10e4,constant,constant,n500,n50,rad50k,exp,t0,9734.870344,101181.6509,9832.495187,-249600.1008,499206.2017
g1,n10e4,constant,constant,n500,n50,rad50k,exp,t0t120,11038.08692,218632.9989,29787.27518,-379929.2819,759864.5639
g1,n10e4,constant,constant,n500,n50,rad50k,exp,all,10049.18723,102090.2625,10404.21934,-667621.4371,1335248.874
g1,n10e4,constant,constant,n500,n50,wgs,exp,t0,10279.81494,101486.5077,10708.60809,-25034790.91,50069587.83
g1,n10e4,constant,constant,n500,n50,wgs,exp,t0t120,9773.592274,99466.02608,9723.423822,-38133571.68,76267149.36
g1,n10e4,constant,constant,n500,n50,wgs,exp,all,9992.229063,99811.50052,10017.39859,-66991571.28,133983148.6
g1,n10e4,constant,constant,n500,n50,wgs,exp,t0,10083.40866,100057.0949,10115.11443,-25080293.54,50160593.08
g1,n10e4,constant,constant,n500,n50,wgs,exp,t0t120,10215.22897,100760.6194,10420.36918,-38157261.61,76314529.22
g1,n10e4,constant,constant,n500,n50,wgs,exp,all,9833.385546,98927.13931,9626.599942,-67134810.77,134269627.5
g1,n10e4,constant,constant,n500,n50,wgs,exp,t0,10020.6521,99281.80873,9892.602187,-25063037.46,50126080.92
g1,n10e4,constant,constant,n500,n50,wgs,exp,t0t120,10354.35396,101183.5808,10624.55518,-38126137.33,76252280.65
g1,n10e4,constant,constant,n500,n50,wgs,exp,all,9947.738646,99115.274,9769.39545,-67094036.81,134188079.6
g1,n10e4,constant,constant,n500,n50,wgs,exp,t0,10190.23804,101670.3789,10563.02818,-25097162.78,50194331.56
g1,n10e4,constant,constant,n500,n50,wgs,exp,t0t120,10249.4136,101763.5415,10592.407,-38176565.47,76353136.93
g1,n10e4,constant,constant,n500,n50,wgs,exp,all,10129.79744,102202.1347,10551.3982,-67187214.48,134374435
g1,n10e4,constant,constant,n500,n50,wgs,exp,t0,10078.23098,99821.30756,10080.38378,-25058983.57,50117973.13
g1,n10e4,constant,constant,n500,n50,wgs,exp,t0t120,10172.20673,100227.1778,10248.20819,-38147338.9,76294683.8
g1,n10e4,constant,constant,n500,n50,wgs,exp,all,10152.96822,100641.3103,10300.8944,-67039760.23,134079526.5
g1,n10e4,td100,l99,n500,n100,rad10k,exp,t0,7470.123681,92384.45048,6051.582918,-59591.89326,119189.7865
g1,n10e4,td100,l99,n500,n100,rad10k,exp,t0t120,6169.513015,86103.48392,4383.560775,-93101.65979,186209.3196
g1,n10e4,td100,l99,n500,n100,rad10k,exp,all,6951.637427,88877.3583,5411.092203,-164561.3642,329128.7284
g1,n10e4,td100,l99,n500,n100,rad10k,exp,t0,7258.739682,93787.12452,5988.152129,-59802.94426,119611.8885
g1,n10e4,td100,l99,n500,n100,rad10k,exp,t0t120,6188.683162,88419.99458,4661.148732,-93262.69748,186531.395
g1,n10e4,td100,l99,n500,n100,rad10k,exp,all,7445.258625,92741.42059,6303.745152,-164731.5448,329469.0896
g1,n10e4,td100,l99,n500,n100,rad10k,exp,t0,8140.60592,97047.63088,7332.803282,-60214.01236,120434.0247
g1,n10e4,td100,l99,n500,n100,rad10k,exp,t0t120,6435.414533,87493.80093,4767.725471,-94191.55003,188389.1001
g1,n10e4,td100,l99,n500,n100,rad10k,exp,all,7786.527469,92142.18137,6571.445022,-165950.1482,331906.2965
g1,n10e4,td100,l99,n500,n100,rad10k,exp,t0,7736.014863,96757.58797,7065.62401,-59327.8192,118661.6384
g1,n10e4,td100,l99,n500,n100,rad10k,exp,t0t120,6492.288271,90498.29028,5349.835627,-92710.16814,185426.3363
g1,n10e4,td100,l99,n500,n100,rad10k,exp,all,7813.052365,94387.86522,7185.427464,-163895.6064,327797.2128
g1,n10e4,td100,l99,n500,n100,rad10k,exp,t0,7765.521326,92419.16372,6370.626602,-59574.72175,119155.4435
g1,n10e4,td100,l99,n500,n100,rad10k,exp,t0t120,6539.259315,86245.87135,4785.658485,-92931.64102,185869.282
g1,n10e4,td100,l99,n500,n100,rad10k,exp,all,8036.102435,89856.52334,6524.996696,-163660.047,327326.094
g1,n10e4,td100,l99,n500,n100,rad50k,exp,t0,7588.771865,91977.25751,6155.569484,-297275.1468,594556.2937
g1,n10e4,td100,l99,n500,n100,rad50k,exp,t0t120,6006.627548,85138.55366,4229.327201,-465083.5469,930173.0938
g1,n10e4,td100,l99,n500,n100,rad50k,exp,all,7337.357923,88566.60891,5752.613288,-821215.9063,1642437.813
g1,n10e4,td100,l99,n500,n100,rad50k,exp,t0,7710.469793,94906.739,6595.38606,-299728.6816,599463.3633
g1,n10e4,td100,l99,n500,n100,rad50k,exp,t0t120,6431.627743,88054.64056,4828.441633,-468442.6091,936891.2183
g1,n10e4,td100,l99,n500,n100,rad50k,exp,all,7663.263822,92478.91248,6422.904242,-827309.6818,1654625.364
g1,n10e4,td100,l99,n500,n100,rad50k,exp,t0,7904.941874,93783.31355,6697.449754,-298535.8407,597077.6814
g1,n10e4,td100,l99,n500,n100,rad50k,exp,t0t120,6368.321856,85936.11426,4542.685771,-466404.4452,932814.8904
g1,n10e4,td100,l99,n500,n100,rad50k,exp,all,7561.87328,89217.056,5944.170131,-823688.5847,1647383.169
g1,n10e4,td100,l99,n500,n100,rad50k,exp,t0,7707.649624,93169.97294,6291.96039,-300496.7805,600999.561
g1,n10e4,td100,l99,n500,n100,rad50k,exp,t0t120,6123.490853,86051.76638,4336.326742,-469957.3502,939920.7005
g1,n10e4,td100,l99,n500,n100,rad50k,exp,all,7219.747249,88972.03674,5531.132769,-830034.3986,1660074.797
g1,n10e4,td100,l99,n500,n100,rad50k,exp,t0,7728.713599,93835.52912,6346.308948,-301734.6496,603475.2991
g1,n10e4,td100,l99,n500,n100,rad50k,exp,t0t120,6354.875417,87056.53767,4559.084963,-471922.4386,943850.8772
g1,n10e4,td100,l99,n500,n100,rad50k,exp,all,7299.90932,89761.98861,5648.113772,-831999.1865,1664004.373
g1,n10e4,td100,l99,n500,n100,wgs,exp,t0,7646.37248,93289.22452,6305.221674,-30115304.22,60230614.45
g1,n10e4,td100,l99,n500,n100,wgs,exp,t0t120,6215.595072,86532.18647,4510.608183,-47074419.32,94148844.64
g1,n10e4,td100,l99,n500,n100,wgs,exp,all,8855.827571,3292984.216,72852.40706,-83172642.46,166345290.9
g1,n10e4,td100,l99,n500,n100,wgs,exp,t0,7584.86277,93896.22325,6340.303951,-30092742.83,60185491.66
g1,n10e4,td100,l99,n500,n100,wgs,exp,t0t120,6272.201397,87075.30802,4621.990862,-47067389.32,94134784.64
g1,n10e4,td100,l99,n500,n100,wgs,exp,all,8844.520669,2291769.884,66251.67277,-83149437.66,166298881.3
g1,n10e4,td100,l99,n500,n100,wgs,exp,t0,7598.118036,93344.94457,6313.094587,-30015580.87,60031167.74
g1,n10e4,td100,l99,n500,n100,wgs,exp,t0t120,6307.930643,86481.47816,4611.397606,-46949189.99,93898385.99
g1,n10e4,td100,l99,n500,n100,wgs,exp,all,8915.475137,3014177.139,71808.91183,-82837984.88,165675975.8
g1,n10e4,td100,l99,n500,n100,wgs,exp,t0,7613.350685,93897.11303,6397.502196,-30056431.33,60112868.67
g1,n10e4,td100,l99,n500,n100,wgs,exp,t0t120,6225.891079,86772.9442,4543.885241,-47018277.31,94036560.62
g1,n10e4,td100,l99,n500,n100,wgs,exp,all,8759.010043,2840399.76,69425.89522,-82947570.06,165895146.1
g1,n10e4,td100,l99,n500,n100,wgs,exp,t0,7601.816525,93592.38057,6343.890125,-30034441.18,60068888.37
g1,n10e4,td100,l99,n500,n100,wgs,exp,t0t120,6136.552695,86373.78365,4442.914846,-46994014.15,93988034.31
g1,n10e4,td100,l99,n500,n100,wgs,exp,all,8783.442305,3091548.875,71167.60371,-82973294.34,165946594.7
g1,n10e4,td100,l99,n500,n20,wgs,exp,t0,8817.721884,97645.71036,8342.545144,-17766603.52,35533213.03
g1,n10e4,td100,l99,n500,n20,wgs,exp,t0t120,7208.237072,91974.90857,5769.637428,-27570402.21,55140810.41
g1,n10e4,td100,l99,n500,n20,wgs,exp,all,9236.930842,97466.46033,8710.252014,-47418218.86,94836443.73
g1,n10e4,td100,l99,n500,n20,wgs,exp,t0,8669.020716,98590.67309,8297.203386,-17806422.32,35612850.64
g1,n10e4,td100,l99,n500,n20,wgs,exp,t0t120,8220.839081,94841.8762,7145.603811,-27628945.29,55257896.58
g1,n10e4,td100,l99,n500,n20,wgs,exp,all,9094.691606,97987.48641,8590.5934,-47606855.7,95213717.4
g1,n10e4,td100,l99,n500,n20,wgs,exp,t0,8758.910086,97328.70905,8175.234345,-17811085.01,35622176.02
g1,n10e4,td100,l99,n500,n20,wgs,exp,t0t120,7703.180767,92654.22751,6306.066852,-27643826.64,55287659.28
g1,n10e4,td100,l99,n500,n20,wgs,exp,all,9211.582276,97168.30759,8523.985165,-47536386.71,95072779.43
g1,n10e4,td100,l99,n500,n20,wgs,exp,t0,8951.777131,98127.15055,8594.507904,-17757672.6,35515351.2
g1,n10e4,td100,l99,n500,n20,wgs,exp,t0t120,6948.367446,90699.22103,5385.582434,-27576518.59,55153043.18
g1,n10e4,td100,l99,n500,n20,wgs,exp,all,9150.158553,96512.57837,8412.72179,-47397962.57,94795931.14
g1,n10e4,td100,l99,n500,n20,wgs,exp,t0,8621.266966,97379.97185,8044.863977,-17796521.98,35593049.97
g1,n10e4,td100,l99,n500,n20,wgs,exp,t0t120,8567.387852,95618.86197,7650.998275,-27542896.53,55085799.06
g1,n10e4,td100,l99,n500,n20,wgs,exp,all,8761.512479,96463.98237,7969.810785,-47556409.06,95112824.12
g1,n10e4,td100,l99,n500,n200,rad10k,exp,t0,7813.07552,252228.1807,22837.19447,-70275.76163,140557.5233
g1,n10e4,td100,l99,n500,n200,rad10k,exp,t0t120,5912.186497,85912.96967,4386.290758,-111625.3569,223256.7137
g1,n10e4,td100,l99,n500,n200,rad10k,exp,all,6288.009126,87737.48866,4841.705541,-197533.8738,395073.7477
g1,n10e4,td100,l99,n500,n200,rad10k,exp,t0,7246.28919,93786.27772,5918.520179,-70785.74825,141577.4965
g1,n10e4,td100,l99,n500,n200,rad10k,exp,t0t120,5988.976382,85981.72541,4393.70384,-112431.9173,224869.8347
g1,n10e4,td100,l99,n500,n200,rad10k,exp,all,6494.784416,87317.05094,4903.029698,-199036.6336,398079.2671
g1,n10e4,td100,l99,n500,n200,rad10k,exp,t0,6675.465701,92814.57739,5403.382606,-69669.87668,139345.7534
g1,n10e4,td100,l99,n500,n200,rad10k,exp,t0t120,6168.653103,87725.19217,4914.860692,-110817.2142,221640.4285
g1,n10e4,td100,l99,n500,n200,rad10k,exp,all,6595.524537,89120.46681,5515.946735,-196566.5642,393139.1283
g1,n10e4,td100,l99,n500,n200,rad10k,exp,t0,7029.916681,89782.48105,5276.255864,-70129.21395,140264.4279
g1,n10e4,td100,l99,n500,n200,rad10k,exp,t0t120,6031.206658,83266.31628,4234.052015,-111366.3028,222738.6055
g1,n10e4,td100,l99,n500,n200,rad10k,exp,all,6614.314197,84683.30225,4888.797264,-197130.2705,394266.5409
g1,n10e4,td100,l99,n500,n200,rad10k,exp,t0,6654.572845,89850.89781,4945.026768,-69988.9897,139983.9794
g1,n10e4,td100,l99,n500,n200,rad10k,exp,t0t120,5839.172815,83767.90282,4087.109388,-111395.414,222796.828
g1,n10e4,td100,l99,n500,n200,rad10k,exp,all,6713.950724,87387.22844,5095.376422,-197081.6473,394169.2946
g1,n10e4,td100,l99,n500,n200,rad50k,exp,t0,7069.93013,91042.4708,5471.184893,-350955.3706,701916.7411
g1,n10e4,td100,l99,n500,n200,rad50k,exp,t0t120,5869.120964,83361.48172,4067.841,-558270.2684,1116546.537
g1,n10e4,td100,l99,n500,n200,rad50k,exp,all,6460.202798,84937.21849,4685.240094,-989127.4955,1978260.991
g1,n10e4,td100,l99,n500,n200,rad50k,exp,t0,8452.020473,238299.065,23842.5449,-353766.6137,707539.2275
g1,n10e4,td100,l99,n500,n200,rad50k,exp,t0t120,5881.120209,83865.99018,4064.061752,-562269.4275,1124544.855
g1,n10e4,td100,l99,n500,n200,rad50k,exp,all,6278.453395,84991.31083,4516.552661,-995987.9025,1991981.805
g1,n10e4,td100,l99,n500,n200,rad50k,exp,t0,8169.119988,234199.373,22876.97403,-349787.3118,699580.6236
g1,n10e4,td100,l99,n500,n200,rad50k,exp,t0t120,5746.801785,82858.49693,3948.419621,-556688.4624,1113382.925
g1,n10e4,td100,l99,n500,n200,rad50k,exp,all,6252.398972,84258.4222,4514.650321,-986187.25,1972380.5
g1,n10e4,td100,l99,n500,n200,rad50k,exp,t0,7094.41844,91749.10527,5436.871379,-354934.3502,709874.7005
g1,n10e4,td100,l99,n500,n200,rad50k,exp,t0t120,5985.005323,84889.85731,4177.780736,-564090.9055,1128187.811
g1,n10e4,td100,l99,n500,n200,rad50k,exp,all,6641.684837,86754.63022,4946.184122,-998414.1276,1996834.255
g1,n10e4,td100,l99,n500,n200,rad50k,exp,t0,8165.331987,242246.9362,23210.60173,-352585.3274,705176.6548
g1,n10e4,td100,l99,n500,n200,rad50k,exp,t0t120,5989.56472,85678.53902,4367.936633,-560015.9419,1120037.884
g1,n10e4,td100,l99,n500,n200,rad50k,exp,all,6728.443879,88316.73435,5246.364855,-992591.659,1985189.318
g1,n10e4,td100,l99,n500,n50,rad10k,exp,t0,9455.724739,690111.4478,47539.3375,-49257.5578,98521.1156
g1,n10e4,td100,l99,n500,n50,rad10k,exp,t0t120,6585.189073,90890.86786,5143.105113,-76113.06758,152232.1352
g1,n10e4,td100,l99,n500,n50,rad10k,exp,all,8228.426284,96490.76105,7509.054345,-134138.7495,268283.499
g1,n10e4,td100,l99,n500,n50,rad10k,exp,t0,9575.765306,375983.691,36459.02207,-48870.82244,97747.64489
g1,n10e4,td100,l99,n500,n50,rad10k,exp,t0t120,6938.083548,92667.6695,5870.898644,-75819.38919,151644.7784
g1,n10e4,td100,l99,n500,n50,rad10k,exp,all,8544.35703,96235.49463,7947.18239,-132829.8934,265665.7869
g1,n10e4,td100,l99,n500,n50,rad10k,exp,t0,10540.39053,312170.1292,36167.60644,-49701.75052,99409.50104
g1,n10e4,td100,l99,n500,n50,rad10k,exp,t0t120,7447.336373,92298.4762,6133.560989,-76708.46528,153422.9306
g1,n10e4,td100,l99,n500,n50,rad10k,exp,all,10226.16408,103254.451,11106.28885,-134365.7613,268737.5226
g1,n10e4,td100,l99,n500,n50,rad10k,exp,t0,9775.152883,334866.1615,34983.36899,-49070.52524,98147.05048
g1,n10e4,td100,l99,n500,n50,rad10k,exp,t0t120,6164.037949,87495.11153,4406.207888,-76016.24196,152038.4839
g1,n10e4,td100,l99,n500,n50,rad10k,exp,all,8215.726087,94471.31966,7268.129777,-133196.8642,266399.7285
g1,n10e4,td100,l99,n500,n50,rad10k,exp,t0,8500.065068,95430.81222,7646.197743,-49059.94176,98125.88352
g1,n10e4,td100,l99,n500,n50,rad10k,exp,t0t120,7534.506092,88853.32678,5797.643241,-75934.61883,151875.2377
g1,n10e4,td100,l99,n500,n50,rad10k,exp,all,8855.601072,92770.23496,7604.46004,-132835.6151,265677.2301
g1,n10e4,td100,l99,n500,n50,rad50k,exp,t0,9755.420395,411703.6393,39139.1254,-244504.0386,489014.0773
g1,n10e4,td100,l99,n500,n50,rad50k,exp,t0t120,6296.684402,87179.15149,4535.419779,-379736.9434,759479.8867
g1,n10e4,td100,l99,n500,n50,rad50k,exp,all,8459.739738,92943.83732,7224.30613,-664596.3808,1329198.762
g1,n10e4,td100,l99,n500,n50,rad50k,exp,t0,9991.789096,311521.4986,34166.2834,-247341.0995,494688.1989
g1,n10e4,td100,l99,n500,n50,rad50k,exp,t0t120,6309.176292,87498.07146,4473.744073,-383579.2656,767164.5312
g1,n10e4,td100,l99,n500,n50,rad50k,exp,all,8565.127522,94188.97854,7441.600958,-671781.4241,1343568.848
g1,n10e4,td100,l99,n500,n50,rad50k,exp,t0,9970.708824,410006.2386,39596.80661,-248658.0828,497322.1655
g1,n10e4,td100,l99,n500,n50,rad50k,exp,t0t120,6642.207636,89309.34364,4907.742059,-385119.4526,770244.9052
g1,n10e4,td100,l99,n500,n50,rad50k,exp,all,8750.864115,94355.39174,7512.644434,-674714.9816,1349435.963
g1,n10e4,td100,l99,n500,n50,rad50k,exp,t0,8638.60251,99063.23604,8284.863218,-247059.6118,494125.2236
g1,n10e4,td100,l99,n500,n50,rad50k,exp,t0t120,7100.680731,91850.16995,5733.697324,-381874.5882,763755.1765
g1,n10e4,td100,l99,n500,n50,rad50k,exp,all,8675.241624,97272.65314,8014.427227,-669779.3421,1339564.684
g1,n10e4,td100,l99,n500,n50,rad50k,exp,t0,8219.846509,94893.36365,7202.475663,-245744.3278,491494.6556
g1,n10e4,td100,l99,n500,n50,rad50k,exp,t0t120,6867.512546,88417.19885,5115.799127,-380777.0897,761560.1794
g1,n10e4,td100,l99,n500,n50,rad50k,exp,all,8351.726887,92112.54616,6923.647181,-667552.8099,1335111.62
g1,n10e4,td100,l99,n500,n50,wgs,exp,t0,8071.682692,95531.55828,7149.588332,-24728310.55,49456627.11
g1,n10e4,td100,l99,n500,n50,wgs,exp,t0t120,6519.921755,88613.33302,4862.519798,-38371455.74,76742917.48
g1,n10e4,td100,l99,n500,n50,wgs,exp,all,8522.486713,93929.43491,7417.353632,-67196752.92,134393511.8
g1,n10e4,td100,l99,n500,n50,wgs,exp,t0,8163.842853,96566.44857,7375.245368,-24778760.28,49557526.56
g1,n10e4,td100,l99,n500,n50,wgs,exp,t0t120,6734.809001,89721.81309,5160.230764,-38412950.57,76825907.13
g1,n10e4,td100,l99,n500,n50,wgs,exp,all,8657.240805,95625.84718,7791.689367,-67303821.59,134607649.2
g1,n10e4,td100,l99,n500,n50,wgs,exp,t0,8065.754278,95488.94281,7115.016937,-24760446.91,49520899.82
g1,n10e4,td100,l99,n500,n50,wgs,exp,t0t120,6608.635883,89127.30584,4984.311961,-38376285.65,76752577.31
g1,n10e4,td100,l99,n500,n50,wgs,exp,all,8700.941874,95680.52687,7858.341437,-67189517.9,134379041.8
g1,n10e4,td100,l99,n500,n50,wgs,exp,t0,8232.612489,95473.95513,7315.89199,-24735021.52,49470049.04
g1,n10e4,td100,l99,n500,n50,wgs,exp,t0t120,6903.581781,89043.11586,5255.802524,-38313430.59,76626867.18
g1,n10e4,td100,l99,n500,n50,wgs,exp,all,8414.797824,93451.18376,7240.101298,-67115148.34,134230302.7
g1,n10e4,td100,l99,n500,n50,wgs,exp,t0,8109.761272,94996.71893,7060.720047,-24796727.43,49593460.87
g1,n10e4,td100,l99,n500,n50,wgs,exp,t0t120,7884.12965,96298.85023,7431.670077,-38423659.29,76847324.59
g1,n10e4,td100,l99,n500,n50,wgs,exp,all,8590.122917,94361.01049,7519.650023,-67309658.81,134619323.6
g1,n10e4,td190,l95,n500,n100,rad10k,exp,t0,8623.888533,90685.98697,7204.714573,-58955.08865,117916.1773
g1,n10e4,td190,l95,n500,n100,rad10k,exp,t0t120,8538.527471,89157.94658,7137.849179,-91034.6617,182075.3234
g1,n10e4,td190,l95,n500,n100,rad10k,exp,all,9563.893635,93046.97891,8758.720615,-160705.5453,321417.0907
g1,n10e4,td190,l95,n500,n100,rad10k,exp,t0,9240.191372,93510.50032,8093.873747,-59915.95198,119837.904
g1,n10e4,td190,l95,n500,n100,rad10k,exp,t0t120,9082.906197,93297.67184,8081.926454,-91858.76537,183723.5307
g1,n10e4,td190,l95,n500,n100,rad10k,exp,all,9869.351093,94795.61939,9134.321714,-163607.607,327221.2139
g1,n10e4,td190,l95,n500,n100,rad10k,exp,t0,9059.208141,96459.03033,8493.229618,-59708.33855,119422.6771
g1,n10e4,td190,l95,n500,n100,rad10k,exp,t0t120,8478.269004,93928.50423,7579.343171,-91804.44709,183614.8942
g1,n10e4,td190,l95,n500,n100,rad10k,exp,all,9456.662677,95844.3224,8952.690264,-162756.7151,325519.4302
g1,n10e4,td190,l95,n500,n100,rad10k,exp,t0,8073.239931,89765.26395,6206.709362,-59822.33617,119650.6723
g1,n10e4,td190,l95,n500,n100,rad10k,exp,t0t120,7756.657979,88759.75202,6016.531331,-92248.96009,184503.9202
g1,n10e4,td190,l95,n500,n100,rad10k,exp,all,9093.054285,92421.17373,7919.230145,-163044.968,326095.9359
g1,n10e4,td190,l95,n500,n100,rad10k,exp,t0,8875.45529,99671.53059,8755.706523,-59892.41693,119790.8339
g1,n10e4,td190,l95,n500,n100,rad10k,exp,t0t120,8860.550653,294958.5129,29626.92848,-92555.5595,185117.119
g1,n10e4,td190,l95,n500,n100,rad10k,exp,all,9275.924358,99227.84877,9340.150244,-164274.7125,328555.425
g1,n10e4,td190,l95,n500,n100,rad50k,exp,t0,9070.423427,95979.90833,8072.269959,-303927.6055,607861.211
g1,n10e4,td190,l95,n500,n100,rad50k,exp,t0t120,7968.489963,91237.72084,6497.046769,-469192.774,938391.5481
g1,n10e4,td190,l95,n500,n100,rad50k,exp,all,9235.35709,96061.5394,8412.200907,-828609.2843,1657224.569
g1,n10e4,td190,l95,n500,n100,rad50k,exp,t0,9151.230647,97803.56514,8637.622577,-301681.4225,603368.8449
g1,n10e4,td190,l95,n500,n100,rad50k,exp,t0t120,8768.425995,95735.69335,8089.130045,-463814.151,927634.302
g1,n10e4,td190,l95,n500,n100,rad50k,exp,all,9243.489251,97336.96393,8828.65377,-821328.7831,1642663.566
g1,n10e4,td190,l95,n500,n100,rad50k,exp,t0,9086.112393,97670.09561,8641.656274,-299954.1492,599914.2984
g1,n10e4,td190,l95,n500,n100,rad50k,exp,t0t120,8552.016195,93254.07836,7535.844565,-462616.9861,925239.9722
g1,n10e4,td190,l95,n500,n100,rad50k,exp,all,9482.607678,96891.92051,9056.244327,-817675.8986,1635357.797
g1,n10e4,td190,l95,n500,n100,rad50k,exp,t0,8729.915815,94778.99252,7634.304341,-301121.8446,602249.6892
g1,n10e4,td190,l95,n500,n100,rad50k,exp,t0t120,9149.349981,370800.0023,35041.20518,-465149.8344,930305.6688
g1,n10e4,td190,l95,n500,n100,rad50k,exp,all,9229.980846,95067.43957,8351.596643,-823457.8658,1646921.732
g1,n10e4,td190,l95,n500,n100,rad50k,exp,t0,8950.679307,97552.74912,8228.527343,-303451.7006,606909.4011
g1,n10e4,td190,l95,n500,n100,rad50k,exp,t0t120,8537.463543,94810.9744,7539.397566,-467521.4437,935048.8874
g1,n10e4,td190,l95,n500,n100,rad50k,exp,all,9319.98824,98092.65257,8815.436963,-828463.1128,1656932.226
g1,n10e4,td190,l95,n500,n100,wgs,exp,t0,9008.401017,96309.44267,8177.096429,-30400162.35,60800330.7
g1,n10e4,td190,l95,n500,n100,wgs,exp,t0t120,8561.516607,93394.26729,7442.087307,-46822342.76,93644691.52
g1,n10e4,td190,l95,n500,n100,wgs,exp,all,10360.43742,100813.4647,10485.72479,-82851311.6,165702629.2
g1,n10e4,td190,l95,n500,n100,wgs,exp,t0,9094.781846,96876.48705,8341.56998,-30457466.5,60914938.99
g1,n10e4,td190,l95,n500,n100,wgs,exp,t0t120,8665.741942,94520.22229,7720.936041,-46872305.35,93744616.7
g1,n10e4,td190,l95,n500,n100,wgs,exp,all,9529.828659,97821.68866,9134.75121,-83018469.02,166036944
g1,n10e4,td190,l95,n500,n100,wgs,exp,t0,8943.011633,95605.53482,7968.70164,-30404080.44,60808166.88
g1,n10e4,td190,l95,n500,n100,wgs,exp,t0t120,8398.873177,92576.06374,7135.66101,-46859216.39,93718438.77
g1,n10e4,td190,l95,n500,n100,wgs,exp,all,9164.542044,95260.5173,8291.572257,-83029732.04,166059470.1
g1,n10e4,td190,l95,n500,n100,wgs,exp,t0,8994.539405,95822.46591,8152.512889,-30274753.37,60549512.75
g1,n10e4,td190,l95,n500,n100,wgs,exp,t0t120,8613.544149,93305.35373,7538.406082,-46645952.43,93291910.86
g1,n10e4,td190,l95,n500,n100,wgs,exp,all,9486.729432,96702.41854,8972.871071,-82511966.37,165023938.7
g1,n10e4,td190,l95,n500,n100,wgs,exp,t0,8928.855787,96361.53422,8157.961414,-30288024.77,60576055.54
g1,n10e4,td190,l95,n500,n100,wgs,exp,t0t120,7942.948051,91632.30796,6649.852091,-46734752.46,93469510.92
g1,n10e4,td190,l95,n500,n100,wgs,exp,all,9027.888863,95216.20318,8206.077679,-82653402.31,165306810.6
g1,n10e4,td190,l95,n500,n20,wgs,exp,t0,11871.11784,128437.5339,18751.26301,-17913342.68,35826691.35
g1,n10e4,td190,l95,n500,n20,wgs,exp,t0t120,9338.860788,96890.70201,8676.138183,-27587459.85,55174925.7
g1,n10e4,td190,l95,n500,n20,wgs,exp,all,9917.775453,98964.07915,9752.945717,-47568859.04,95137724.08
g1,n10e4,td190,l95,n500,n20,wgs,exp,t0,11459.71984,141319.3376,20479.62608,-17910304.26,35820614.51
g1,n10e4,td190,l95,n500,n20,wgs,exp,t0t120,9593.339729,99049.88519,9317.654973,-27610622.67,55221251.34
g1,n10e4,td190,l95,n500,n20,wgs,exp,all,9738.309341,100062.6978,9717.207616,-47715578.83,95431163.66
g1,n10e4,td190,l95,n500,n20,wgs,exp,t0,9233.871446,96918.30832,8555.857189,-17888043.49,35776092.97
g1,n10e4,td190,l95,n500,n20,wgs,exp,t0t120,9001.004206,94984.58111,7939.966956,-27576440.32,55152886.64
g1,n10e4,td190,l95,n500,n20,wgs,exp,all,9761.717985,97660.89709,9256.779942,-47592240.82,95184487.65
g1,n10e4,td190,l95,n500,n20,wgs,exp,t0,11752.87876,196291.6331,29542.9631,-17835814.7,35671635.41
g1,n10e4,td190,l95,n500,n20,wgs,exp,t0t120,9627.739114,98045.37416,9320.203937,-27456689.55,54913385.11
g1,n10e4,td190,l95,n500,n20,wgs,exp,all,9973.70235,98670.53348,9839.755642,-47352818.21,94705642.41
g1,n10e4,td190,l95,n500,n20,wgs,exp,t0,11549.21811,198640.5264,29268.47959,-17819959.86,35639925.71
g1,n10e4,td190,l95,n500,n20,wgs,exp,t0t120,7703.155175,92535.90893,6315.495891,-27594770.38,55189546.75
g1,n10e4,td190,l95,n500,n20,wgs,exp,all,9358.296259,97274.08483,8786.09552,-47466391.52,94932789.04
g1,n10e4,td190,l95,n500,n200,rad10k,exp,t0,8649.139253,98530.44272,8276.438745,-70745.84789,141497.6958
g1,n10e4,td190,l95,n500,n200,rad10k,exp,t0t120,8108.625166,94356.86979,7301.935313,-110230.9026,220467.8052
g1,n10e4,td190,l95,n500,n200,rad10k,exp,all,9081.452409,98792.88802,9088.136484,-196348.6263,392703.2526
g1,n10e4,td190,l95,n500,n200,rad10k,exp,t0,8649.220204,91428.56246,7375.808944,-69605.83273,139217.6655
g1,n10e4,td190,l95,n500,n200,rad10k,exp,t0t120,8272.028313,88643.67594,6983.513233,-108573.5114,217153.0229
g1,n10e4,td190,l95,n500,n200,rad10k,exp,all,9261.342881,92136.32506,8451.055383,-192585.0983,385176.1967
g1,n10e4,td190,l95,n500,n200,rad10k,exp,t0,8844.498163,95645.93731,8090.651968,-70549.94877,141105.8975
g1,n10e4,td190,l95,n500,n200,rad10k,exp,t0t120,8168.900006,91469.39291,7067.262767,-109751.6384,219509.2768
g1,n10e4,td190,l95,n500,n200,rad10k,exp,all,9247.191019,95137.21257,8777.066469,-195126.8371,390259.6742
g1,n10e4,td190,l95,n500,n200,rad10k,exp,t0,8279.380892,90682.96803,6595.100684,-70556.0643,141118.1286
g1,n10e4,td190,l95,n500,n200,rad10k,exp,t0t120,8745.742771,91239.61091,7410.11831,-109869.5639,219745.1278
g1,n10e4,td190,l95,n500,n200,rad10k,exp,all,9438.654051,93808.37116,8612.75343,-195735.7944,391477.5887
g1,n10e4,td190,l95,n500,n200,rad10k,exp,t0,8105.759835,89192.8567,6152.651106,-70621.9412,141249.8824
g1,n10e4,td190,l95,n500,n200,rad10k,exp,t0t120,7713.140278,88077.6975,5993.406608,-110119.396,220244.792
g1,n10e4,td190,l95,n500,n200,rad10k,exp,all,8966.836207,91504.72415,7680.771276,-195391.8097,390789.6193
g1,n10e4,td190,l95,n500,n200,rad50k,exp,t0,8583.783716,93781.52476,7141.234421,-358860.8486,717727.6971
g1,n10e4,td190,l95,n500,n200,rad50k,exp,t0t120,8134.711396,90845.84383,6675.887846,-559762.9241,1119531.848
g1,n10e4,td190,l95,n500,n200,rad50k,exp,all,8876.988909,94049.48195,7888.208237,-992962.6897,1985931.379
g1,n10e4,td190,l95,n500,n200,rad50k,exp,t0,8451.504357,94612.17176,7292.652354,-355623.4631,711252.9261
g1,n10e4,td190,l95,n500,n200,rad50k,exp,t0t120,8642.80476,94375.40006,7783.272887,-553442.4818,1106890.964
g1,n10e4,td190,l95,n500,n200,rad50k,exp,all,9275.954327,96983.9071,8883.037554,-983622.5432,1967251.086
g1,n10e4,td190,l95,n500,n200,rad50k,exp,t0,8681.650926,97025.16605,7832.433617,-358137.9261,716281.8521
g1,n10e4,td190,l95,n500,n200,rad50k,exp,t0t120,8229.230952,93446.0176,7144.345136,-558119.601,1116245.202
g1,n10e4,td190,l95,n500,n200,rad50k,exp,all,9202.793501,97412.337,8683.878853,-991839.9886,1983685.977
g1,n10e4,td190,l95,n500,n200,rad50k,exp,t0,8502.52314,93932.97643,7242.74475,-355592.2446,711190.4893
g1,n10e4,td190,l95,n500,n200,rad50k,exp,t0t120,8113.814861,91043.75298,6778.112762,-554518.8142,1109043.628
g1,n10e4,td190,l95,n500,n200,rad50k,exp,all,8863.551748,93160.22143,7764.399768,-987259.0234,1974524.047
g1,n10e4,td190,l95,n500,n200,rad50k,exp,t0,8726.631632,95991.18377,7934.985251,-353985.2347,707976.4695
g1,n10e4,td190,l95,n500,n200,rad50k,exp,t0t120,8459.099848,100692.3632,9068.877313,-552199.5428,1104405.086
g1,n10e4,td190,l95,n500,n200,rad50k,exp,all,9349.426414,96130.56212,8913.095197,-978777.2288,1957560.458
g1,n10e4,td190,l95,n500,n50,rad10k,exp,t0,9069.504674,94453.83235,8132.386118,-49023.48925,98052.97851
g1,n10e4,td190,l95,n500,n50,rad10k,exp,t0t120,9341.948328,94325.599,8407.822807,-75126.455,150258.91
g1,n10e4,td190,l95,n500,n50,rad10k,exp,all,10803.16059,98710.80241,10979.69014,-132223.845,264453.6899
g1,n10e4,td190,l95,n500,n50,rad10k,exp,t0,9735.839935,100242.728,10014.65676,-49110.6177,98227.23539
g1,n10e4,td190,l95,n500,n50,rad10k,exp,t0t120,8818.477135,95066.70139,7967.742804,-75129.24192,150264.4838
g1,n10e4,td190,l95,n500,n50,rad10k,exp,all,9666.541434,98020.32618,9558.130171,-132147.2315,264300.463
g1,n10e4,td190,l95,n500,n50,rad10k,exp,t0,9511.111151,91482.75146,8276.469188,-48594.23915,97194.47829
g1,n10e4,td190,l95,n500,n50,rad10k,exp,t0t120,8666.392594,89465.55722,7133.860607,-74500.07649,149006.153
g1,n10e4,td190,l95,n500,n50,rad10k,exp,all,9290.147201,92652.27607,8328.896612,-130667.7254,261341.4508
g1,n10e4,td190,l95,n500,n50,rad10k,exp,t0,7814.838745,89935.19848,6034.329447,-49067.76112,98141.52224
g1,n10e4,td190,l95,n500,n50,rad10k,exp,t0t120,8360.350616,91357.08181,7008.534881,-75216.93609,150439.8722
g1,n10e4,td190,l95,n500,n50,rad10k,exp,all,9500.992717,95031.48927,8755.641741,-132305.9394,264617.8789
g1,n10e4,td190,l95,n500,n50,rad10k,exp,t0,9330.271902,102553.3837,9848.444864,-49230.87975,98467.7595
g1,n10e4,td190,l95,n500,n50,rad10k,exp,t0t120,9981.111569,925642.4512,56592.99021,-75571.40599,151148.812
g1,n10e4,td190,l95,n500,n50,rad10k,exp,all,9201.034229,99009.87127,9069.842938,-133384.7275,266775.4551
g1,n10e4,td190,l95,n500,n50,rad50k,exp,t0,9430.424273,98539.46381,9195.68033,-246690.5948,493387.1897
g1,n10e4,td190,l95,n500,n50,rad50k,exp,t0t120,9156.60053,96540.6443,8618.200041,-377832.6341,755671.2682
g1,n10e4,td190,l95,n500,n50,rad50k,exp,all,9695.118066,97970.52851,9442.5207,-663843.9995,1327693.999
g1,n10e4,td190,l95,n500,n50,rad50k,exp,t0,9228.144435,98725.20158,8758.493137,-249321.2421,498648.4842
g1,n10e4,td190,l95,n500,n50,rad50k,exp,t0t120,8778.979135,95933.04355,7849.36955,-382029.1657,764064.3314
g1,n10e4,td190,l95,n500,n50,rad50k,exp,all,9206.188699,97780.0195,8603.010338,-673022.0242,1346050.048
g1,n10e4,td190,l95,n500,n50,rad50k,exp,t0,9708.068824,100602.7576,9848.351681,-247868.1407,495742.2815
g1,n10e4,td190,l95,n500,n50,rad50k,exp,t0t120,8475.931938,94378.96138,7512.758647,-379855.7565,759717.513
g1,n10e4,td190,l95,n500,n50,rad50k,exp,all,10052.29747,102330.2544,10584.16634,-665605.6612,1331217.322
g1,n10e4,td190,l95,n500,n50,rad50k,exp,t0,9250.562674,95958.49963,8426.424722,-247550.3282,495106.6564
g1,n10e4,td190,l95,n500,n50,rad50k,exp,t0t120,10218.45832,661240.9227,51141.30216,-380044.593,760095.186
g1,n10e4,td190,l95,n500,n50,rad50k,exp,all,9651.132109,97226.19484,9158.089388,-667348.4023,1334702.805
g1,n10e4,td190,l95,n500,n50,rad50k,exp,t0,9137.669245,96858.25623,8327.65279,-249268.4536,498542.9071
g1,n10e4,td190,l95,n500,n50,rad50k,exp,t0t120,10350.55564,801033.8143,55715.99568,-383603.7152,767213.4305
g1,n10e4,td190,l95,n500,n50,rad50k,exp,all,9572.718133,97582.46567,8985.691102,-673395.8344,1346797.669
g1,n10e4,td190,l95,n500,n50,wgs,exp,t0,10808.39939,223526.0905,29771.04483,-24968886.62,49937779.24
g1,n10e4,td190,l95,n500,n50,wgs,exp,t0t120,8837.9641,95000.01656,7867.078708,-38256858.65,76513723.3
g1,n10e4,td190,l95,n500,n50,wgs,exp,all,9719.859857,97774.90781,9292.753744,-67291904.82,134583815.6
g1,n10e4,td190,l95,n500,n50,wgs,exp,t0,10544.03695,225188.1597,29201.56526,-24868430.39,49736866.77
g1,n10e4,td190,l95,n500,n50,wgs,exp,t0t120,8186.975572,93038.90619,6973.75092,-38217603.13,76435212.27
g1,n10e4,td190,l95,n500,n50,wgs,exp,all,9167.226024,95936.77182,8399.045244,-67104493.18,134208992.4
g1,n10e4,td190,l95,n500,n50,wgs,exp,t0,10802.27206,223450.0487,29743.62145,-24980731.53,49961469.06
g1,n10e4,td190,l95,n500,n50,wgs,exp,t0t120,8816.171003,94526.98078,7738.170322,-38292962.86,76585931.73
g1,n10e4,td190,l95,n500,n50,wgs,exp,all,9422.454788,96236.88795,8651.055029,-67279123.32,134558252.6
g1,n10e4,td190,l95,n500,n50,wgs,exp,t0,8866.997728,101283.032,8865.523245,-25005139.69,50010285.39
g1,n10e4,td190,l95,n500,n50,wgs,exp,t0t120,8830.763106,95399.02138,7935.372209,-38342947.1,76685900.21
g1,n10e4,td190,l95,n500,n50,wgs,exp,all,9983.847674,100439.9816,10059.33122,-67294544.52,134589095
g1,n10e4,td190,l95,n500,n50,wgs,exp,t0,10840.96101,214580.8032,29041.77104,-24888855.41,49777716.83
g1,n10e4,td190,l95,n500,n50,wgs,exp,t0t120,9189.142099,96296.36665,8547.5349,-38118046.04,76236098.08
g1,n10e4,td190,l95,n500,n50,wgs,exp,all,9796.984574,98127.33522,9508.994821,-66936244.11,133872494.2