gentime,NeAnc,td,lambda,sampn,data,Model,scheme,Neh,Nec,lnL,AIC_cons,Neh_change,Nec_change,T,lnL_change,AIC_change,delta
g3,n10e3,td100,l99,n100,rad10k,Constant,all,484.4631953,484.4631953,-3954.000461,7910.000921,787.7075083,190.5032402,119.9607745,-3935.625974,7877.251948,32.748973
g3,n10e3,td100,l99,n100,rad10k,Constant,all,397.8488474,397.8488474,-3810.403783,7622.807566,585.6806659,207.0170231,119.6828732,-3800.264262,7606.528524,16.279042
g3,n10e3,td100,l99,n100,rad10k,Constant,all,455.268694,455.268694,-3915.689771,7833.379541,718.0243344,193.43391,119.9919433,-3899.796313,7805.592627,27.786914
g3,n10e3,td100,l99,n100,rad10k,Constant,all,415.4391032,415.4391032,-3605.15184,7212.303679,680.3751496,168.2044649,119.9950798,-3588.154816,7182.309632,29.994047
g3,n10e3,td100,l99,n100,rad10k,Constant,all,401.9879769,401.9879769,-3642.189068,7286.378136,553.9866369,298.2258655,67.6616721,-3635.276006,7276.552013,9.826123
g3,n10e3,td100,l99,n100,rad50k,Constant,all,458.1775959,458.1775959,-20369.28462,40740.56923,721.8396654,214.883005,110.5692228,-20294.2838,40594.5676,146.00163
g3,n10e3,td100,l99,n100,rad50k,Constant,all,497.1588835,497.1588835,-19407.40198,38816.80396,714.018844,244.1841645,119.9813719,-19357.97185,38721.9437,94.86026
g3,n10e3,td100,l99,n100,rad50k,Constant,all,446.6031479,446.6031479,-20649.28006,41300.56013,754.0641788,178.1286338,119.3920092,-20544.5563,41095.11259,205.44754
g3,n10e3,td100,l99,n100,rad50k,Constant,all,456.4829183,456.4829183,-20271.9345,40545.86901,745.9114593,193.2392457,119.9971993,-20184.29736,40374.59471,171.2743
g3,n10e3,td100,l99,n100,rad50k,Constant,all,473.1336202,473.1336202,-19891.02067,39784.04133,699.9415809,233.0843927,114.2648121,-19833.16303,39672.32606,111.71527
g3,n10e3,td100,l99,n100,wgs,Constant,all,430.5431675,430.5431675,-2019023.989,4038049.978,721.5742925,179.7156908,118.8321087,-2009402.03,4018810.06,19239.918
g3,n10e3,td100,l99,n100,wgs,Constant,all,447.0148954,447.0148954,-2014421.918,4028845.837,708.2897752,202.2902204,118.9073404,-2006897.249,4013800.498,15045.339
g3,n10e3,td100,l99,n100,wgs,Constant,all,495.5126675,495.5126675,-2008609.656,4017221.313,722.4919249,241.3760921,118.4986705,-2003082.159,4006170.318,11050.995
g3,n10e3,td100,l99,n100,wgs,Constant,all,459.7068936,459.7068936,-1982708.399,3965418.798,679.3787397,227.6667877,118.9479562,-1977155.588,3954317.175,11101.623
g3,n10e3,td100,l99,n100,wgs,Constant,all,503.0761601,503.0761601,-1981412.473,3962826.947,708.9462047,256.9664505,119.9982333,-1976953.825,3953913.649,8913.298
g3,n10e3,td100,l99,n200,rad10k,Constant,all,356.3274223,356.3274223,-4858.139971,9718.279942,463.4106844,280.9535547,77.99939512,-4851.091531,9708.183061,10.096881
g3,n10e3,td100,l99,n200,rad10k,Constant,all,417.4995494,417.4995494,-5202.228933,10406.45787,678.8070805,215.3814727,112.9787807,-5177.900432,10361.80086,44.65701
g3,n10e3,td100,l99,n200,rad10k,Constant,all,380.6034931,380.6034931,-4955.802441,9913.604883,589.0836825,211.3934825,113.4484992,-4936.337994,9878.675988,34.928895
g3,n10e3,td100,l99,n200,rad10k,Constant,all,383.5704476,383.5704476,-4696.178321,9394.356641,615.3713352,191.7005392,119.9988155,-4674.013827,9354.027654,40.328987
g3,n10e3,td100,l99,n200,rad10k,Constant,all,430.679702,430.679702,-5167.152096,10336.30419,658.3816135,229.1237972,119.8279963,-5148.644745,10303.28949,33.0147
g3,n10e3,td100,l99,n200,rad50k,Constant,all,412.409921,412.409921,-25679.56722,51361.13444,587.2295314,246.3051595,119.64026,-25615.24817,51236.49633,124.63811
g3,n10e3,td100,l99,n200,rad50k,Constant,all,415.5735575,415.5735575,-27231.73972,54465.47943,691.0638952,205.742647,115.9439646,-27095.23524,54196.47049,269.00894
g3,n10e3,td100,l99,n200,rad50k,Constant,all,404.4210438,404.4210438,-26788.20142,53578.40283,642.489923,212.7451665,119.9635652,-26675.00069,53356.00138,222.40145
g3,n10e3,td100,l99,n200,rad50k,Constant,all,397.6640328,397.6640328,-26446.20162,52894.40325,607.1294348,219.0990321,116.5716718,-26349.94992,52705.89984,188.50341
g3,n10e3,td100,l99,n200,rad50k,Constant,all,404.3720472,404.3720472,-26840.57846,53683.15693,643.5227285,213.4129497,119.6598345,-26729.9238,53465.8476,217.30933
g3,n10e3,td100,l99,n20,wgs,Constant,all,964.8955434,964.8955434,-904471.2391,1808944.478,977.0048826,679.8651522,51.07557893,-904357.577,1808721.154,223.324
g3,n10e3,td100,l99,n20,wgs,Constant,all,944.0605829,944.0605829,-904003.0554,1808008.111,968.7376013,489.3974792,58.10838311,-903582.1883,1807170.377,837.734
g3,n10e3,td100,l99,n20,wgs,Constant,all,945.1577434,945.1577434,-926185.5626,1852373.125,972.9602727,279.5818019,115.7220319,-925632.3391,1851270.678,1102.447
g3,n10e3,td100,l99,n20,wgs,Constant,all,965.1874067,965.1874067,-926100.7964,1852203.593,1006.952762,192.8165184,119.9884064,-924999.4176,1850004.835,2198.758
g3,n10e3,td100,l99,n20,wgs,Constant,all,967.3130888,967.3130888,-922795.8192,1845593.638,996.6695727,261.6288091,119.9060374,-922192.2398,1844390.48,1203.158
g3,n10e3,td100,l99,n50,rad10k,Constant,all,553.2610766,553.2610766,-2784.020494,5570.040988,764.0329107,258.2902617,73.21926188,-2774.08563,5554.171261,15.869727
g3,n10e3,td100,l99,n50,rad10k,Constant,all,640.5382674,640.5382674,-2893.701442,5789.402885,788.1837792,236.329948,119.9977325,-2888.37605,5782.7521,6.650785
g3,n10e3,td100,l99,n50,rad10k,Constant,all,702.690372,702.690372,-2635.016318,5272.032636,851.7685284,208.5732478,119.9756113,-2628.300942,5262.601883,9.430753
g3,n10e3,td100,l99,n50,rad10k,Constant,all,671.5276194,671.5276194,-2893.828465,5789.656931,850.5851364,209.3238043,119.9904663,-2886.79215,5779.5843,10.072631
g3,n10e3,td100,l99,n50,rad10k,Constant,all,584.395814,584.395814,-2635.814616,5273.629233,714.6685703,572.3652728,18.89576557,-2631.341881,5268.683762,4.945471
g3,n10e3,td100,l99,n50,rad50k,Constant,all,653.5955701,653.5955701,-15050.7152,30103.43039,897.3830486,167.1201174,115.2617774,-14982.22317,29970.44633,132.98406
g3,n10e3,td100,l99,n50,rad50k,Constant,all,723.1609262,723.1609262,-14227.94501,28457.89001,844.2871114,320.1017752,101.9722728,-14208.66548,28423.33096,34.55905
g3,n10e3,td100,l99,n50,rad50k,Constant,all,684.1084898,684.1084898,-15131.70077,30265.40154,903.8751807,179.9365396,119.9384106,-15075.38641,30156.77282,108.62872
g3,n10e3,td100,l99,n50,rad50k,Constant,all,680.183398,680.183398,-14952.09116,29906.18233,875.1811239,206.6339616,119.9998134,-14908.67382,29823.34764,82.83469
g3,n10e3,td100,l99,n50,rad50k,Constant,all,679.5571489,679.5571489,-14596.26749,29194.53498,868.5762164,197.2820205,119.9128001,-14551.33383,29108.66767,85.86731
g3,n10e3,td100,l99,n50,wgs,Constant,all,750.466444,750.466444,-1450027.379,2900056.757,875.2237431,289.3252031,119.0453613,-1447920.499,2895846.998,4209.759
g3,n10e3,td100,l99,n50,wgs,Constant,all,682.0356179,682.0356179,-1479789.169,2959580.337,861.5027554,217.6933941,119.9576641,-1475945.56,2951897.121,7683.216
g3,n10e3,td100,l99,n50,wgs,Constant,all,635.6068913,635.6068913,-1458044.528,2916091.056,837.4847198,193.5745471,119.9752137,-1453426.599,2906859.197,9231.859
g3,n10e3,td100,l99,n50,wgs,Constant,all,649.2445903,649.2445903,-1483259.253,2966520.507,875.2957216,174.4990277,119.9843424,-1477447.676,2954901.352,11619.155
g3,n10e3,td100,l99,n50,wgs,Constant,all,714.1903559,714.1903559,-1469774.137,2939550.275,867.0957982,245.5094236,119.9872781,-1466761.595,2933529.189,6021.086
g3,n10e3,td190,l95,n100,rad10k,Constant,all,670.2119318,670.2119318,-3928.527262,7859.054525,736.4742666,523.0392047,119.779602,-3927.737014,7861.474028,-2.419503
g3,n10e3,td190,l95,n100,rad10k,Constant,all,771.3623072,771.3623072,-4459.044676,8920.089352,898.4637797,505.7035565,119.9996328,-4456.693369,8919.386738,0.702614
g3,n10e3,td190,l95,n100,rad10k,Constant,all,634.383128,634.383128,-3627.570134,7257.140267,701.7005658,478.7624085,117.6068296,-3626.593016,7259.186031,-2.045764
g3,n10e3,td190,l95,n100,rad10k,Constant,all,538.4721731,538.4721731,-3373.31897,6748.637941,441.103353,488.1270565,10.0463115,-3369.122227,6744.244454,4.393487
g3,n10e3,td190,l95,n100,rad10k,Constant,all,761.222788,761.222788,-4247.85333,8497.706659,860.0525657,523.0624064,119.9361902,-4246.192642,8498.385285,-0.678626
g3,n10e3,td190,l95,n100,rad50k,Constant,all,597.2693517,597.2693517,-19386.48997,38774.97994,597.120914,597.322644,35.32218326,-19386.48994,38778.97988,-3.99994
g3,n10e3,td190,l95,n100,rad50k,Constant,all,586.6678034,586.6678034,-19903.27409,39808.54819,550.8742901,569.0139415,12.36919715,-19901.337,39808.674,-0.12581
g3,n10e3,td190,l95,n100,rad50k,Constant,all,662.2224679,662.2224679,-19719.80083,39441.60167,603.427419,631.4028027,10.02559643,-19715.06236,39436.12471,5.47696
g3,n10e3,td190,l95,n100,rad50k,Constant,all,670.9278349,670.9278349,-19911.59941,39825.19882,602.2344034,634.7223686,10.00018035,-19905.11659,39816.23318,8.96564
g3,n10e3,td190,l95,n100,rad50k,Constant,all,654.3406786,654.3406786,-20202.17616,40406.35232,730.6744568,488.7143505,119.9370807,-20196.57615,40399.15231,7.20001
g3,n10e3,td190,l95,n100,wgs,Constant,all,662.4491367,662.4491367,-2017348.017,4034698.034,631.0839782,648.826521,12.59717943,-2017228.541,4034463.082,234.952
g3,n10e3,td190,l95,n100,wgs,Constant,all,635.0671998,635.0671998,-2024020.719,4048043.439,609.7629255,623.3574792,12.58746905,-2023942.491,4047890.982,152.457
g3,n10e3,td190,l95,n100,wgs,Constant,all,647.6555742,647.6555742,-2027157.122,4054316.244,637.121359,641.7657338,10.04224239,-2027143.27,4054292.539,23.705
g3,n10e3,td190,l95,n100,wgs,Constant,all,667.0111174,667.0111174,-2019737.226,4039476.452,613.0820539,638.4188684,10.02323034,-2019340.807,4038687.614,788.838
g3,n10e3,td190,l95,n100,wgs,Constant,all,624.7813743,624.7813743,-2009223.919,4018449.839,601.3266618,611.3655859,10.01042274,-2009151.803,4018309.606,140.233
g3,n10e3,td190,l95,n200,rad10k,Constant,all,611.7226878,611.7226878,-5603.550794,11209.10159,619.8185477,611.0432675,34.76307401,-5603.531336,11213.06267,-3.96108
g3,n10e3,td190,l95,n200,rad10k,Constant,all,557.538982,557.538982,-5280.333817,10562.66763,510.1626031,527.770177,10.66712307,-5279.225831,10564.45166,-1.78403
g3,n10e3,td190,l95,n200,rad10k,Constant,all,564.8006746,564.8006746,-4900.666666,9803.333331,497.7029169,523.7549717,11.03877446,-4898.500993,9803.001986,0.331345
g3,n10e3,td190,l95,n200,rad10k,Constant,all,639.0576999,639.0576999,-5893.072663,11788.14533,574.8295074,597.3469206,10.03645929,-5891.538067,11789.07613,-0.9308
g3,n10e3,td190,l95,n200,rad10k,Constant,all,507.741006,507.741006,-4583.975256,9169.950512,418.6947154,451.4876367,10.00000004,-4578.074626,9162.149253,7.801259
g3,n10e3,td190,l95,n200,rad50k,Constant,all,572.2722581,572.2722581,-26464.63978,52931.27957,499.328726,525.737501,10.01100265,-26449.62399,52905.24798,26.03159
g3,n10e3,td190,l95,n200,rad50k,Constant,all,571.4570662,571.4570662,-26393.45541,52788.91083,488.6715355,519.1571561,10.00000247,-26373.16653,52752.33307,36.57776
g3,n10e3,td190,l95,n200,rad50k,Constant,all,527.8726542,527.8726542,-26033.21021,52068.42042,466.5563489,488.2976753,10.00267277,-26021.07827,52048.15653,20.26389
g3,n10e3,td190,l95,n200,rad50k,Constant,all,603.6114453,603.6114453,-26423.23326,52848.46652,509.1730419,543.3362813,10.00224598,-26400.6298,52807.2596,41.20692
g3,n10e3,td190,l95,n200,rad50k,Constant,all,543.1907501,543.1907501,-26816.60227,53635.20454,494.1128689,510.9530278,10.09542483,-26810.34862,53626.69724,8.5073
g3,n10e3,td190,l95,n20,wgs,Constant,all,993.6066908,993.6066908,-925340.512,1850683.024,994.4659095,954.2494266,63.62196611,-925339.8433,1850685.687,-2.663
g3,n10e3,td190,l95,n20,wgs,Constant,all,998.1770833,998.1770833,-917164.6276,1834331.255,988.5182256,1792.857702,62.68849857,-917078.5416,1834163.083,168.172
g3,n10e3,td190,l95,n20,wgs,Constant,all,1002.262875,1002.262875,-913488.9229,1826979.846,993.7474417,1620.015063,62.82814107,-913428.0896,1826862.179,117.667
g3,n10e3,td190,l95,n20,wgs,Constant,all,998.6268526,998.6268526,-920293.8452,1840589.69,990.6568967,1565.623341,62.78784952,-920241.0147,1840488.029,101.661
g3,n10e3,td190,l95,n20,wgs,Constant,all,963.4344676,963.4344676,-915157.8029,1830317.606,968.6971301,691.9050298,119.3687351,-915138.2357,1830282.471,35.135
g3,n10e3,td190,l95,n50,rad10k,Constant,all,597.0439271,597.0439271,-2487.089603,4976.179205,486.7733833,1340.051819,66.25167425,-2482.563083,4971.126167,5.053038
g3,n10e3,td190,l95,n50,rad10k,Constant,all,1094.351345,1094.351345,-3200.492723,6402.985446,1112.247005,5020.284258,10.05037022,-3196.128637,6398.257274,4.728172
g3,n10e3,td190,l95,n50,rad10k,Constant,all,877.299666,877.299666,-2926.973521,5855.947042,931.7669685,478.0662419,119.9787984,-2926.012814,5858.025628,-2.078586
g3,n10e3,td190,l95,n50,rad10k,Constant,all,732.5230533,732.5230533,-2663.560354,5329.120708,777.1636615,478.1011843,119.9681178,-2662.927086,5331.854171,-2.733463
g3,n10e3,td190,l95,n50,rad10k,Constant,all,967.6682161,967.6682161,-3164.556873,6331.113746,1002.054433,644.6390378,119.9969758,-3164.142975,6334.285951,-3.172205
g3,n10e3,td190,l95,n50,rad50k,Constant,all,751.4968558,751.4968558,-14430.59325,28863.18651,739.8770623,763.9228752,22.32818746,-14430.39327,28866.78654,-3.60003
g3,n10e3,td190,l95,n50,rad50k,Constant,all,870.1213379,870.1213379,-14654.85947,29311.71895,836.1245514,888.2560514,10.00494594,-14652.55883,29311.11766,0.60129
g3,n10e3,td190,l95,n50,rad50k,Constant,all,779.9578999,779.9578999,-14215.50583,28433.01165,749.5773307,784.6069434,10.00160418,-14214.0018,28434.00359,-0.99194
g3,n10e3,td190,l95,n50,rad50k,Constant,all,857.3067653,857.3067653,-14272.20789,28546.41578,812.9414995,882.4403376,10.00054185,-14268.88188,28543.76376,2.65202
g3,n10e3,td190,l95,n50,rad50k,Constant,all,879.9129973,879.9129973,-14913.58082,29829.16165,888.469151,814.5775609,84.75453697,-14913.45517,29832.91034,-3.74869
g3,n10e3,td190,l95,n50,wgs,Constant,all,850.9699828,850.9699828,-1484921.672,2969845.344,865.2735048,751.2750544,87.8900242,-1484888.152,2969782.304,63.04
g3,n10e3,td190,l95,n50,wgs,Constant,all,846.5483402,846.5483402,-1478634.794,2957271.589,860.7317854,748.9164843,87.87375897,-1478602.359,2957210.718,60.871
g3,n10e3,td190,l95,n50,wgs,Constant,all,817.8479606,817.8479606,-1466449.983,2932901.965,827.4608838,744.022315,107.4697836,-1466435.344,2932876.688,25.277
g3,n10e3,td190,l95,n50,wgs,Constant,all,829.6767662,829.6767662,-1476214.92,2952431.841,871.4027472,545.9411162,119.9741602,-1475961.303,2951928.606,503.235
g3,n10e3,td190,l95,n50,wgs,Constant,all,876.5751074,876.5751074,-1472094.313,2944190.625,837.5532394,902.9786794,10.11816076,-1471768.298,2943542.596,648.029
g3,n10e4,td100,l99,n100,rad10k,Constant,all,9730.715755,9730.715755,-33945.38584,67892.77167,9834.048829,2892.908426,89.09415997,-33939.49909,67884.99818,7.77349
g3,n10e4,td100,l99,n100,rad10k,Constant,all,9645.341366,9645.341366,-33950.35966,67902.71931,9787.414473,1771.529691,118.2807949,-33942.16203,67890.32407,12.39524
g3,n10e4,td100,l99,n100,rad10k,Constant,all,9618.890863,9618.890863,-34657.56977,69317.13954,9833.264691,1191.750268,119.7333214,-34638.04246,69282.08492,35.05462
g3,n10e4,td100,l99,n100,rad10k,Constant,all,9671.677518,9671.677518,-34558.70491,69119.40982,9821.630141,1695.607159,119.5021077,-34548.7653,69103.53059,15.87923
g3,n10e4,td100,l99,n100,rad10k,Constant,all,9755.488504,9755.488504,-34886.24074,69774.48147,9843.823065,6676.369766,28.80836678,-34882.20337,69770.40675,4.07472
g3,n10e4,td100,l99,n100,rad50k,Constant,all,9771.119662,9771.119662,-171536.3285,343074.657,9834.766355,5944.197373,47.06287552,-171525.7862,343057.5725,17.0845
g3,n10e4,td100,l99,n100,rad50k,Constant,all,9647.567813,9647.567813,-170774.5277,341551.0555,9784.197687,1880.991929,118.4392963,-170735.7521,341477.5042,73.5513
g3,n10e4,td100,l99,n100,rad50k,Constant,all,9479.864514,9479.864514,-169452.9589,338907.9178,9626.784449,1736.583244,119.797615,-169409.1587,338824.3174,83.6004
g3,n10e4,td100,l99,n100,rad50k,Constant,all,9589.713628,9589.713628,-170983.35,341968.7,9736.504467,1727.565735,119.9372259,-170936.3303,341878.6605,90.0395
g3,n10e4,td100,l99,n100,rad50k,Constant,all,9727.382154,9727.382154,-172161.4354,344324.8708,9881.638164,1635.137951,119.9485607,-172108.5534,344223.1067,101.7641
g3,n10e4,td100,l99,n100,wgs,Constant,all,9796.217873,9796.217873,-17412040.1,34824082.2,9898.161555,2644.519213,106.5792413,-17409584.07,34819174.15,4908.05
g3,n10e4,td100,l99,n100,wgs,Constant,all,9763.187975,9763.187975,-17401423.66,34802849.32,9917.63864,1700.826254,119.4840516,-17396615.07,34793236.14,9613.18
g3,n10e4,td100,l99,n100,wgs,Constant,all,9693.222966,9693.222966,-17357483.82,34714969.64,9843.889926,1685.856214,119.6066918,-17352525.07,34705056.15,9913.49
g3,n10e4,td100,l99,n100,wgs,Constant,all,9747.991563,9747.991563,-17370962.07,34741926.14,9867.666112,2085.662373,118.5132011,-17367652.89,34735311.79,6614.35
g3,n10e4,td100,l99,n100,wgs,Constant,all,9786.108085,9786.108085,-17434340.15,34868682.3,9919.550415,1889.690464,119.9731938,-17430359.93,34860725.86,7956.44
g3,n10e4,td100,l99,n200,rad10k,Constant,all,8953.918803,8953.918803,-43529.64932,87061.29864,9486.75488,1842.28389,117.6784176,-43499.52843,87005.05686,56.24178
g3,n10e4,td100,l99,n200,rad10k,Constant,all,9006.212753,9006.212753,-43494.9782,86991.95641,9489.160361,2079.261228,119.9927394,-43469.21548,86944.43096,47.52545
g3,n10e4,td100,l99,n200,rad10k,Constant,all,8703.786214,8703.786214,-44564.35465,89130.70929,9444.532761,1367.682848,119.9627015,-44505.50651,89017.01302,113.69627
g3,n10e4,td100,l99,n200,rad10k,Constant,all,9031.440928,9031.440928,-44284.75563,88571.51125,9439.871244,2268.764515,119.9836791,-44264.56638,88535.13276,36.37849
g3,n10e4,td100,l99,n200,rad10k,Constant,all,8982.938346,8982.938346,-44884.82058,89771.64117,9564.728085,1784.587633,119.6773188,-44847.90447,89701.80895,69.83222
g3,n10e4,td100,l99,n200,rad50k,Constant,all,9094.918601,9094.918601,-220222.5271,440447.0543,9481.389195,2704.129043,110.0509254,-220139.6343,440285.2686,161.7857
g3,n10e4,td100,l99,n200,rad50k,Constant,all,8736.790985,8736.790985,-217318.785,434639.5701,9324.061297,1764.928012,117.9335647,-217142.8528,434291.7057,347.8644
g3,n10e4,td100,l99,n200,rad50k,Constant,all,8920.600709,8920.600709,-218897.3871,437796.7742,9403.510494,2105.726206,119.9806698,-218774.3583,437554.7165,242.0577
g3,n10e4,td100,l99,n200,rad50k,Constant,all,8940.03382,8940.03382,-218992.2376,437986.4752,9433.52195,2042.424692,119.9758938,-218860.431,437726.862,259.6132
g3,n10e4,td100,l99,n200,rad50k,Constant,all,9021.293608,9021.293608,-220581.7092,441165.4183,9499.984428,2070.415727,119.9766584,-220453.9113,440913.8226,251.5957
g3,n10e4,td100,l99,n20,wgs,Constant,all,10059.30738,10059.30738,-8526186.706,17052375.41,10052.51717,67639.31015,64.22755928,-8526170.28,17052346.56,28.85
g3,n10e4,td100,l99,n20,wgs,Constant,all,10017.00537,10017.00537,-8547633.538,17095269.08,10031.36676,3476.321116,64.17206079,-8547494.876,17094995.75,273.33
g3,n10e4,td100,l99,n20,wgs,Constant,all,9986.231506,9986.231506,-8522944.627,17045891.25,9983.839913,14315.28996,63.98163887,-8522942.366,17045890.73,0.52
g3,n10e4,td100,l99,n20,wgs,Constant,all,9980.865473,9980.865473,-8484364.317,16968730.63,9987.943735,3623.833523,117.514135,-8484340.192,16968686.38,44.25
g3,n10e4,td100,l99,n20,wgs,Constant,all,10028.04621,10028.04621,-8543853.796,17087709.59,10061.3284,890.0397867,114.9292485,-8543366.568,17086739.14,970.45
g3,n10e4,td100,l99,n50,rad10k,Constant,all,9911.627665,9911.627665,-26226.26068,52454.52135,9941.072797,4899.756321,46.74949841,-26225.15528,52456.31056,-1.78921
g3,n10e4,td100,l99,n50,rad10k,Constant,all,9934.759406,9934.759406,-25793.35555,51588.7111,9951.811672,6012.806996,47.36867559,-25792.85207,51591.70415,-2.99305
g3,n10e4,td100,l99,n50,rad10k,Constant,all,9794.631011,9794.631011,-25709.98128,51421.96256,9793.262035,10238.31519,46.88301663,-25709.97901,51425.95802,-3.99546
g3,n10e4,td100,l99,n50,rad10k,Constant,all,9854.187751,9854.187751,-26197.97535,52397.9507,9906.784095,1469.114937,115.994721,-26194.82208,52395.64415,2.30655
g3,n10e4,td100,l99,n50,rad10k,Constant,all,9947.136503,9947.136503,-26512.0554,53026.1108,9968.995826,6902.852237,28.66702849,-26511.26343,53028.52686,-2.41606
g3,n10e4,td100,l99,n50,rad50k,Constant,all,9714.120876,9714.120876,-128241.6531,256485.3063,9731.845501,6195.144759,47.0627467,-128239.6549,256485.3098,-0.0035
g3,n10e4,td100,l99,n50,rad50k,Constant,all,9796.304529,9796.304529,-129091.4019,258184.8038,9818.36231,5774.62371,46.84098688,-129088.4447,258182.8893,1.9145
g3,n10e4,td100,l99,n50,rad50k,Constant,all,9965.703553,9965.703553,-130084.1805,260170.361,9969.867445,8581.99921,47.09513334,-130084.0682,260174.1364,-3.7754
g3,n10e4,td100,l99,n50,rad50k,Constant,all,9841.447055,9841.447055,-128831.433,257664.8659,9872.40681,2407.298886,109.03125,-128825.0069,257656.0138,8.8521
g3,n10e4,td100,l99,n50,rad50k,Constant,all,9953.150693,9953.150693,-130419.2381,260840.4761,9985.800592,6264.167867,28.82979938,-130411.6337,260829.2675,11.2086
g3,n10e4,td100,l99,n50,wgs,Constant,all,9949.397238,9949.397238,-13146143.91,26292289.82,9963.539467,7621.664833,29.22028118,-13146005.2,26292016.4,273.42
g3,n10e4,td100,l99,n50,wgs,Constant,all,9915.661703,9915.661703,-13121411.36,26242824.72,9935.237648,6969.652813,29.29324163,-13121098.6,26242203.2,621.52
g3,n10e4,td100,l99,n50,wgs,Constant,all,9992.021696,9992.021696,-13201668.3,26403338.61,10017.33128,2701.240679,118.07492,-13201231.32,26402468.63,869.98
g3,n10e4,td100,l99,n50,wgs,Constant,all,9996.262339,9996.262339,-13185170.7,26370343.41,10018.2662,3098.245022,119.9787289,-13184863.36,26369732.73,610.68
g3,n10e4,td100,l99,n50,wgs,Constant,all,9970.72668,9970.72668,-13183151.2,26366304.39,10010.58025,1902.517928,119.9327549,-13182242.52,26364491.05,1813.34
g3,n10e4,td190,l95,n100,rad10k,Constant,all,9412.844199,9412.844199,-33207.61187,66417.22375,9400.452089,10374.19131,26.35708761,-33207.51999,66421.03997,-3.81622
g3,n10e4,td190,l95,n100,rad10k,Constant,all,9659.874123,9659.874123,-34816.7089,69635.41781,9657.37524,9896.432224,26.76336392,-34816.70313,69639.40626,-3.98845
g3,n10e4,td190,l95,n100,rad10k,Constant,all,9618.618339,9618.618339,-34049.90597,68101.81193,9599.465435,11745.23176,26.89453741,-34049.67305,68105.3461,-3.53417
g3,n10e4,td190,l95,n100,rad10k,Constant,all,9846.684645,9846.684645,-34280.088,68562.17599,9785.147751,311445.7356,16.43960216,-34275.15343,68556.30686,5.86913
g3,n10e4,td190,l95,n100,rad10k,Constant,all,9929.466423,9929.466423,-34896.94835,69795.8967,9906.866156,10958.40995,10.02922546,-34896.63362,69799.26723,-3.37053
g3,n10e4,td190,l95,n100,rad50k,Constant,all,9712.381672,9712.381672,-169527.4151,339056.8302,9677.690138,115297.1524,14.36278817,-169510.4639,339026.9278,29.9024
g3,n10e4,td190,l95,n100,rad50k,Constant,all,9896.424157,9896.424157,-173724.9769,347451.9538,9878.209891,10549.7693,10.15700725,-173724.1294,347454.2589,-2.3051
g3,n10e4,td190,l95,n100,rad50k,Constant,all,9658.907358,9658.907358,-169072.3319,338146.6639,9639.234159,86174.68793,12.67677455,-169053.0601,338112.1202,34.5437
g3,n10e4,td190,l95,n100,rad50k,Constant,all,9873.021618,9873.021618,-172791.5422,345585.0844,9947.038039,3161.879539,119.713776,-172779.8002,345565.6004,19.484
g3,n10e4,td190,l95,n100,rad50k,Constant,all,10106.23596,10106.23596,-175143.0988,350288.1976,10083.37191,11137.61932,10.01084735,-175141.5239,350289.0479,-0.8503
g3,n10e4,td190,l95,n100,wgs,Constant,all,9898.157219,9898.157219,-17434760.59,34869523.17,9895.111189,10689.80201,114.6084297,-17434758,34869522.01,1.160000004
g3,n10e4,td190,l95,n100,wgs,Constant,all,9865.891081,9865.891081,-17346280.19,34692562.39,9858.640901,11828.88738,114.414886,-17346269.4,34692544.8,17.59
g3,n10e4,td190,l95,n100,wgs,Constant,all,9836.83403,9836.83403,-17383732.63,34767467.26,9853.213217,6953.512592,119.6725777,-17383670.23,34767346.46,120.8
g3,n10e4,td190,l95,n100,wgs,Constant,all,9855.881864,9855.881864,-17450681.76,34901365.52,9912.443604,3943.858116,119.8747556,-17450061.94,34900129.88,1235.64
g3,n10e4,td190,l95,n100,wgs,Constant,all,9904.910651,9904.910651,-17414868.6,34829739.2,9662.601279,61605.54849,11.99420058,-17413432.22,34826870.43,2868.77
g3,n10e4,td190,l95,n200,rad10k,Constant,all,9111.092827,9111.092827,-42582.64929,85167.29859,9037.57024,12525.71428,72.22279203,-42581.92755,85169.85509,-2.5565
g3,n10e4,td190,l95,n200,rad10k,Constant,all,9563.93036,9563.93036,-44707.3142,89416.6284,9552.271729,10014.75078,72.23655844,-44707.29552,89420.59103,-3.96263
g3,n10e4,td190,l95,n200,rad10k,Constant,all,9401.79779,9401.79779,-44012.56926,88027.13853,9400.882018,9424.152338,72.20530258,-44012.56921,88031.13841,-3.99988
g3,n10e4,td190,l95,n200,rad10k,Constant,all,9112.619137,9112.619137,-43938.77049,87879.54099,9100.484024,9536.459197,72.22767806,-43938.7517,87883.50341,-3.96242
g3,n10e4,td190,l95,n200,rad10k,Constant,all,9030.174116,9030.174116,-44696.5958,89395.19161,9339.836285,3139.346788,119.9980413,-44686.23737,89378.47475,16.71686
g3,n10e4,td190,l95,n200,rad50k,Constant,all,9241.70215,9241.70215,-217591.857,435185.714,9268.570626,8453.809274,72.22224458,-217591.4717,435188.9435,-3.2295
g3,n10e4,td190,l95,n200,rad50k,Constant,all,9242.281788,9242.281788,-217912.6929,435827.3858,9152.982822,9936.049924,10.00397177,-217906.2653,435818.5307,8.8551
g3,n10e4,td190,l95,n200,rad50k,Constant,all,9476.274061,9476.274061,-221390.7054,442783.4108,9541.747588,6785.448839,119.8747407,-221387.8877,442781.7754,1.6354
g3,n10e4,td190,l95,n200,rad50k,Constant,all,9414.226944,9414.226944,-222903.6574,445809.3147,9481.557629,6738.588986,119.9527945,-222900.7404,445807.4808,1.8339
g3,n10e4,td190,l95,n200,rad50k,Constant,all,9751.571095,9751.571095,-224171.7901,448345.5801,9674.874032,10344.8396,10.00102383,-224167.4216,448340.8431,4.737
g3,n10e4,td190,l95,n20,wgs,Constant,all,10000.08069,10000.08069,-8510854.091,17021710.18,9995.098529,20780.81392,116.346725,-8510846.776,17021699.55,10.63
g3,n10e4,td190,l95,n20,wgs,Constant,all,10042.2363,10042.2363,-8548938.08,17097878.16,10042.65443,9089.509693,114.3236332,-8548938.166,17097882.33,-4.169999998
g3,n10e4,td190,l95,n20,wgs,Constant,all,10055.13616,10055.13616,-8539652.637,17079307.27,10044.05202,468050.792,114.2440351,-8539520.735,17079047.47,259.8
g3,n10e4,td190,l95,n20,wgs,Constant,all,10019.68774,10019.68774,-8503268.626,17006539.25,10010.65196,5000000,113.8334068,-8503222.604,17006451.21,88.04
g3,n10e4,td190,l95,n20,wgs,Constant,all,10058.40413,10058.40413,-8547129.973,17094261.95,10049.12276,5000000,115.1400979,-8547078.031,17094162.06,99.89
g3,n10e4,td190,l95,n50,rad10k,Constant,all,9635.019887,9635.019887,-24988.94345,49979.8869,9612.142395,1304995.332,25.20911163,-24987.95808,49981.91617,-2.02927
g3,n10e4,td190,l95,n50,rad10k,Constant,all,9753.927832,9753.927832,-25743.69932,51489.39864,9723.297322,5000000,31.76628643,-25742.21091,51490.42183,-1.02319
g3,n10e4,td190,l95,n50,rad10k,Constant,all,9888.631707,9888.631707,-26186.93856,52375.87712,9881.877634,10887.00188,10.091342,-26186.85791,52379.71581,-3.83869
g3,n10e4,td190,l95,n50,rad10k,Constant,all,9935.181469,9935.181469,-25911.48896,51824.97792,9917.874235,252602.1218,15.98793353,-25910.37317,51826.74634,-1.76842
g3,n10e4,td190,l95,n50,rad10k,Constant,all,10108.28369,10108.28369,-26450.69939,52903.39879,10117.15634,7990.051019,35.61192407,-26450.55061,52907.10121,-3.70242
g3,n10e4,td190,l95,n50,rad50k,Constant,all,9776.452435,9776.452435,-127862.5991,255727.1981,9744.109749,449643.3011,25.27633336,-127854.7602,255715.5203,11.6778
g3,n10e4,td190,l95,n50,rad50k,Constant,all,10055.40936,10055.40936,-131221.3663,262444.7327,10036.27424,233305.4659,17.83171837,-131217.0251,262440.0502,4.6825
g3,n10e4,td190,l95,n50,rad50k,Constant,all,10221.85895,10221.85895,-133156.0196,266314.0392,10208.21182,2096467.454,20.91128202,-133153.5661,266313.1322,0.907
g3,n10e4,td190,l95,n50,rad50k,Constant,all,9804.769562,9804.769562,-128123.8336,256249.6672,9776.869108,186117.105,14.68167918,-128114.4073,256234.8147,14.8525
g3,n10e4,td190,l95,n50,rad50k,Constant,all,10001.33272,10001.33272,-131267.584,262537.1679,10040.53859,1993.749301,119.989352,-131259.9378,262525.8756,11.2923
g3,n10e4,td190,l95,n50,wgs,Constant,all,9990.546302,9990.546302,-13135103.77,26270209.55,9971.221379,266870.5134,114.8252398,-13134793.56,26269593.11,616.44
g3,n10e4,td190,l95,n50,wgs,Constant,all,10033.63394,10033.63394,-13206075.05,26412152.1,10015.68483,5000000,114.851128,-13205778.66,26411563.32,588.78
g3,n10e4,td190,l95,n50,wgs,Constant,all,9994.770423,9994.770423,-13150249.37,26300500.74,9970.22526,5000000,115.008787,-13149753.96,26299513.91,986.83
g3,n10e4,td190,l95,n50,wgs,Constant,all,10035.43051,10035.43051,-13190328.24,26380658.47,10006.88507,5000000,114.9916767,-13189713.85,26379433.69,1224.78
g3,n10e4,td190,l95,n50,wgs,Constant,all,9994.914234,9994.914234,-13218210.64,26436423.28,10020.06165,3115.456014,119.9514619,-13217937.56,26435881.11,542.17
g3,n10e3,td100,l99,n100,rad10k,Constant,t0,970.8754513,970.8754513,-1323.87798,2649.75596,977.7253823,85.74692984,10.04559479,-1320.21131,2646.42262,3.33334
g3,n10e3,td100,l99,n100,rad10k,Constant,t0,937.1396691,937.1396691,-1267.572693,2537.145387,945.8916318,330.1145517,70.12035724,-1263.690448,2533.380897,3.76449
g3,n10e3,td100,l99,n100,rad10k,Constant,t0,951.8314115,951.8314115,-1300.716367,2603.432735,958.3351797,307.9494006,46.00979028,-1297.713094,2601.426188,2.006547
g3,n10e3,td100,l99,n100,rad10k,Constant,t0,878.3347604,878.3347604,-1182.081395,2366.16279,878.8061207,544.6491006,119.4959783,-1180.965966,2367.931933,-1.769143
g3,n10e3,td100,l99,n100,rad10k,Constant,t0,843.4496365,843.4496365,-1233.278564,2468.557129,847.7017616,107.3409285,10.02308865,-1230.808515,2467.61703,0.940099
g3,n10e3,td100,l99,n100,rad50k,Constant,t0,1046.14998,1046.14998,-6963.751648,13929.5033,1051.738131,345.8694797,40.94210219,-6951.828125,13909.65625,19.84705
g3,n10e3,td100,l99,n100,rad50k,Constant,t0,977.3782652,977.3782652,-6557.409079,13116.81816,984.1138689,358.6704665,56.1700909,-6543.34062,13092.68124,24.13692
g3,n10e3,td100,l99,n100,rad50k,Constant,t0,1035.237851,1035.237851,-7000.683592,14003.36718,1041.699298,597.270516,119.9805583,-6992.296961,13990.59392,12.77326
g3,n10e3,td100,l99,n100,rad50k,Constant,t0,1032.483138,1032.483138,-6917.566106,13837.13221,1038.221366,299.9716588,36.75737453,-6903.844755,13813.68951,23.4427
g3,n10e3,td100,l99,n100,rad50k,Constant,t0,1024.253478,1024.253478,-6774.796642,13551.59328,1031.927431,137.3890531,19.18250976,-6753.083931,13512.16786,39.42542
g3,n10e3,td100,l99,n100,wgs,Constant,t0,1029.395397,1029.395397,-692920.2067,1385842.413,1037.979862,450.7519527,74.63965493,-691645.3561,1383296.712,2545.701
g3,n10e3,td100,l99,n100,wgs,Constant,t0,1028.357238,1028.357238,-689162.5142,1378327.028,1036.652011,443.3284107,74.64187017,-687853.5262,1375713.052,2613.976
g3,n10e3,td100,l99,n100,wgs,Constant,t0,1020.730384,1020.730384,-689176.6668,1378355.334,1029.40643,441.2617183,74.63881308,-687855.0658,1375716.132,2639.202
g3,n10e3,td100,l99,n100,wgs,Constant,t0,1002.271438,1002.271438,-677707.6661,1355417.332,1007.576167,501.9012614,74.64946904,-676860.9818,1353727.964,1689.368
g3,n10e3,td100,l99,n100,wgs,Constant,t0,1009.40174,1009.40174,-683972.6872,1367947.374,1019.142322,440.1995206,74.63056451,-682651.7853,1365309.571,2637.803
g3,n10e3,td100,l99,n200,rad10k,Constant,t0,847.828466,847.828466,-1547.540249,3097.080498,849.6082869,334.8858553,16.22674021,-1546.119785,3098.239571,-1.159073
g3,n10e3,td100,l99,n200,rad10k,Constant,t0,968.1818397,968.1818397,-1633.559791,3269.119583,976.0420712,508.9304331,98.83323061,-1629.934091,3265.868183,3.2514
g3,n10e3,td100,l99,n200,rad10k,Constant,t0,933.915956,933.915956,-1560.533032,3123.066065,948.1476276,347.4869761,98.86479967,-1552.057122,3110.114243,12.951822
g3,n10e3,td100,l99,n200,rad10k,Constant,t0,888.4938859,888.4938859,-1503.069631,3008.139263,893.1361352,457.2408063,65.96453687,-1500.330376,3006.660752,1.478511
g3,n10e3,td100,l99,n200,rad10k,Constant,t0,954.3400371,954.3400371,-1609.177894,3220.355788,961.1764096,341.2545678,49.51099731,-1603.807098,3213.614196,6.741592
g3,n10e3,td100,l99,n200,rad50k,Constant,t0,978.9269806,978.9269806,-8104.82633,16211.65266,985.713009,230.6186399,32.60151968,-8066.993519,16139.98704,71.66562
g3,n10e3,td100,l99,n200,rad50k,Constant,t0,1031.886552,1031.886552,-8697.899733,17397.79947,1040.856366,503.3772088,91.97225247,-8676.134595,17358.26919,39.53028
g3,n10e3,td100,l99,n200,rad50k,Constant,t0,1047.849321,1047.849321,-8692.204182,17386.40836,1054.533028,561.8086642,98.91741374,-8675.406773,17356.81355,29.59481
g3,n10e3,td100,l99,n200,rad50k,Constant,t0,1027.88308,1027.88308,-8400.115328,16802.23066,1035.707892,380.3329289,66.10321277,-8368.751821,16743.50364,58.72702
g3,n10e3,td100,l99,n200,rad50k,Constant,t0,1036.788225,1036.788225,-8643.91608,17289.83216,1042.924056,431.0138918,60.28494841,-8621.090086,17248.18017,41.65199
g3,n10e3,td100,l99,n20,wgs,Constant,t0,1009.73043,1009.73043,-346300.2349,692602.4699,1012.194207,407.0620639,22.81900639,-346276.9365,692559.8729,42.597
g3,n10e3,td100,l99,n20,wgs,Constant,t0,1005.493084,1005.493084,-343581.6694,687165.3389,1006.199929,714.1874304,22.0889656,-343579.5328,687165.0656,0.2733
g3,n10e3,td100,l99,n20,wgs,Constant,t0,1022.587386,1022.587386,-350860.0046,701722.0092,1023.380051,479.937033,12.03975011,-350856.2266,701718.4532,3.556
g3,n10e3,td100,l99,n20,wgs,Constant,t0,1022.66307,1022.66307,-346288.4608,692578.9216,1027.885035,221.2377328,22.68277308,-346194.8466,692395.6932,183.2284
g3,n10e3,td100,l99,n20,wgs,Constant,t0,1028.567168,1028.567168,-348231.751,696465.5019,1036.401675,150.9600707,22.69755288,-348032.4233,696070.8465,394.6554
g3,n10e3,td100,l99,n50,rad10k,Constant,t0,930.6285464,930.6285464,-977.3486076,1956.697215,934.5286569,498.4242201,119.9988696,-976.4014317,1958.802863,-2.105648
g3,n10e3,td100,l99,n50,rad10k,Constant,t0,981.2217102,981.2217102,-1019.404951,2040.809903,984.8885012,319.610564,25.45047714,-1018.92231,2043.84462,-3.034717
g3,n10e3,td100,l99,n50,rad10k,Constant,t0,881.1370054,881.1370054,-908.4334688,1818.866938,887.7039476,394.3838395,96.98882529,-907.0915251,1820.18305,-1.316112
g3,n10e3,td100,l99,n50,rad10k,Constant,t0,936.9399807,936.9399807,-988.8438383,1979.687677,945.6558322,71.77051399,13.45899206,-986.443741,1978.887482,0.800195
g3,n10e3,td100,l99,n50,rad10k,Constant,t0,849.8034103,849.8034103,-966.5299031,1935.059806,850.519285,492.9065806,10.00736565,-966.5087286,1939.017457,-3.957651
g3,n10e3,td100,l99,n50,rad50k,Constant,t0,1046.486445,1046.486445,-5361.206796,10724.41359,1051.711913,350.240682,38.72261779,-5357.138191,10720.27638,4.13721
g3,n10e3,td100,l99,n50,rad50k,Constant,t0,973.3578389,973.3578389,-5078.252529,10158.50506,976.6598477,637.4289093,117.6579405,-5076.225148,10158.4503,0.05476
g3,n10e3,td100,l99,n50,rad50k,Constant,t0,1034.921785,1034.921785,-5410.094576,10822.18915,1040.626601,226.961912,25.05971564,-5404.936862,10815.87372,6.31543
g3,n10e3,td100,l99,n50,rad50k,Constant,t0,1031.961308,1031.961308,-5350.133601,10702.2672,1037.509212,621.9729495,119.9793052,-5346.951105,10699.90221,2.36499
g3,n10e3,td100,l99,n50,rad50k,Constant,t0,1032.197515,1032.197515,-5293.584895,10589.16979,1038.781025,79.647446,10.05531466,-5286.357493,10578.71499,10.4548
g3,n10e3,td100,l99,n50,wgs,Constant,t0,1010.728606,1010.728606,-531075.8017,1062153.603,1016.030616,510.3924103,66.73465631,-530762.9089,1061531.818,621.785
g3,n10e3,td100,l99,n50,wgs,Constant,t0,1026.786641,1026.786641,-533689.3548,1067380.71,1031.997866,158.8044117,16.25762562,-533208.9444,1066423.889,956.821
g3,n10e3,td100,l99,n50,wgs,Constant,t0,1001.527185,1001.527185,-522149.6067,1044301.213,1007.464344,459.1222727,66.74094748,-521740.1656,1043486.331,814.882
g3,n10e3,td100,l99,n50,wgs,Constant,t0,1028.465032,1028.465032,-535419.9296,1070841.859,1034.976235,464.7230794,66.75338911,-534990.5782,1069987.156,854.703
g3,n10e3,td100,l99,n50,wgs,Constant,t0,1021.584291,1021.584291,-533855.8522,1067713.704,1026.721193,118.9487824,12.10141924,-533365.0015,1066736.003,977.701
g3,n10e3,td190,l95,n100,rad10k,Constant,t0,1069.204243,1069.204243,-1489.352397,2980.704794,1074.136498,749.0597122,68.03015811,-1488.924611,2983.849222,-3.144428
g3,n10e3,td190,l95,n100,rad10k,Constant,t0,1175.011852,1175.011852,-1659.023132,3320.046264,1181.069377,176.3166336,10.00946695,-1657.175356,3320.350712,-0.304448
g3,n10e3,td190,l95,n100,rad10k,Constant,t0,894.1443879,894.1443879,-1313.446513,2628.893026,896.1507814,745.8637745,42.74409335,-1313.377891,2632.755782,-3.862756
g3,n10e3,td190,l95,n100,rad10k,Constant,t0,805.5158342,805.5158342,-1230.505907,2463.011814,802.6716496,912.3847567,68.07887878,-1230.446033,2466.892066,-3.880252
g3,n10e3,td190,l95,n100,rad10k,Constant,t0,1103.634785,1103.634785,-1585.625979,3173.251957,1110.283439,111.9825614,10.00000006,-1582.456593,3170.913185,2.338772
g3,n10e3,td190,l95,n100,rad50k,Constant,t0,1004.688881,1004.688881,-7218.045432,14438.09086,1002.67772,1245.047977,68.06697929,-7217.388839,14440.77768,-2.68682
g3,n10e3,td190,l95,n100,rad50k,Constant,t0,999.2943103,999.2943103,-7287.430281,14576.86056,999.9058772,974.9046519,68.05443673,-7287.41874,14580.83748,-3.97692
g3,n10e3,td190,l95,n100,rad50k,Constant,t0,1031.938215,1031.938215,-7563.040417,15128.08083,1034.924321,293.7395609,10.00306778,-7560.082555,15126.16511,1.91572
g3,n10e3,td190,l95,n100,rad50k,Constant,t0,1029.724293,1029.724293,-7432.785231,14867.57046,1034.839643,852.0882813,68.0398265,-7432.069094,14870.13819,-2.56773
g3,n10e3,td190,l95,n100,rad50k,Constant,t0,1080.656978,1080.656978,-7567.416275,15136.83255,1080.812494,1070.666121,96.02696076,-7567.414311,15140.82862,-3.99607
g3,n10e3,td190,l95,n100,wgs,Constant,t0,1038.061372,1038.061372,-747734.3819,1495470.764,1040.454746,853.5576187,53.13675909,-747685.4246,1495376.849,93.915
g3,n10e3,td190,l95,n100,wgs,Constant,t0,1042.365488,1042.365488,-754194.8277,1508391.655,1041.646191,1100.364617,53.29669515,-754191.3639,1508388.728,2.927
g3,n10e3,td190,l95,n100,wgs,Constant,t0,1045.731529,1045.731529,-754828.8178,1509659.636,1045.902691,622.8424954,10.14279396,-754797.9749,1509601.95,57.686
g3,n10e3,td190,l95,n100,wgs,Constant,t0,1036.258304,1036.258304,-755067.6801,1510137.36,1038.97657,804.2645903,35.67279399,-755014.5068,1510035.014,102.346
g3,n10e3,td190,l95,n100,wgs,Constant,t0,1030.357133,1030.357133,-740258.2399,1480518.48,1034.778302,764.8471708,53.09105083,-740136.4333,1480278.867,239.613
g3,n10e3,td190,l95,n200,rad10k,Constant,t0,1104.476825,1104.476825,-1955.186728,3912.373457,1111.554677,434.5668135,53.00848027,-1950.087458,3906.174916,6.198541
g3,n10e3,td190,l95,n200,rad10k,Constant,t0,1076.640277,1076.640277,-1872.720904,3747.441807,1082.03359,216.5493663,10.00156457,-1869.850237,3745.700474,1.741333
g3,n10e3,td190,l95,n200,rad10k,Constant,t0,895.6707621,895.6707621,-1669.218488,3340.436975,905.112846,268.0638361,10.00364934,-1667.263387,3340.526773,-0.089798
g3,n10e3,td190,l95,n200,rad10k,Constant,t0,1172.715977,1172.715977,-2090.87577,4183.75154,1180.262939,213.0698843,10.02024521,-2087.278894,4180.557789,3.193751
g3,n10e3,td190,l95,n200,rad10k,Constant,t0,805.1628669,805.1628669,-1582.162834,3166.325668,804.0488753,818.9303086,74.00755188,-1582.159836,3170.319671,-3.994003
g3,n10e3,td190,l95,n200,rad50k,Constant,t0,1005.406393,1005.406393,-9273.287815,18548.57563,1009.849872,251.6132066,10.00401372,-9262.64522,18531.29044,17.28519
g3,n10e3,td190,l95,n200,rad50k,Constant,t0,1030.187516,1030.187516,-9441.440469,18884.88094,1036.410717,179.1434445,10.00713878,-9421.684247,18849.36849,35.51245
g3,n10e3,td190,l95,n200,rad50k,Constant,t0,1003.960457,1003.960457,-9100.726774,18203.45355,1004.926869,458.2950885,10.0084657,-9098.236052,18202.4721,0.98145
g3,n10e3,td190,l95,n200,rad50k,Constant,t0,1030.912103,1030.912103,-9387.852793,18777.70559,1035.608181,253.0330814,10.00371525,-9377.007838,18760.01568,17.68991
g3,n10e3,td190,l95,n200,rad50k,Constant,t0,1081.389602,1081.389602,-9424.420715,18850.84143,1086.894532,274.6687316,12.07766012,-9412.160299,18830.3206,20.52083
g3,n10e3,td190,l95,n20,wgs,Constant,t0,1047.981403,1047.981403,-366510.3738,733022.7475,1038.553032,3141.934065,119.9549796,-366285.6907,732577.3813,445.3662
g3,n10e3,td190,l95,n20,wgs,Constant,t0,1040.5773,1040.5773,-366628.9079,733259.8159,1028.076111,4999896.116,85.77063398,-365995.0192,731996.0383,1263.7776
g3,n10e3,td190,l95,n20,wgs,Constant,t0,1039.417595,1039.417595,-363437.4231,726876.8463,1029.284471,3291.091898,119.3339543,-363187.7318,726381.4636,495.3827
g3,n10e3,td190,l95,n20,wgs,Constant,t0,1040.415215,1040.415215,-362240.7922,724483.5843,1032.676415,2375.316979,119.936422,-362095.6412,724197.2824,286.3019
g3,n10e3,td190,l95,n20,wgs,Constant,t0,1029.612325,1029.612325,-360927.8158,721857.6317,1020.185961,4999935.744,64.46501527,-360557.9941,721121.9882,735.6435
g3,n10e3,td190,l95,n50,rad10k,Constant,t0,802.2303573,802.2303573,-935.1000635,1872.200127,794.057044,1185.247649,119.9867605,-934.6266352,1875.25327,-3.053143
g3,n10e3,td190,l95,n50,rad10k,Constant,t0,1169.676687,1169.676687,-1269.286697,2540.573394,1165.537628,1432.578241,118.6900986,-1269.186273,2544.372545,-3.799151
g3,n10e3,td190,l95,n50,rad10k,Constant,t0,1073.788425,1073.788425,-1130.554708,2263.109417,1078.472596,658.0926055,68.0612454,-1130.231543,2266.463085,-3.353668
g3,n10e3,td190,l95,n50,rad10k,Constant,t0,905.1454283,905.1454283,-1003.535345,2009.07069,905.7146738,867.9923131,68.04807514,-1003.532914,2013.065828,-3.995138
g3,n10e3,td190,l95,n50,rad10k,Constant,t0,1114.951529,1114.951529,-1227.482073,2456.964146,1119.008627,170.8519603,10.00166116,-1226.8806,2459.761199,-2.797053
g3,n10e3,td190,l95,n50,rad50k,Constant,t0,1001.788353,1001.788353,-5557.436321,11116.87264,992.128816,1504.026914,119.4940261,-5555.267127,11116.53425,0.33839
g3,n10e3,td190,l95,n50,rad50k,Constant,t0,1038.820419,1038.820419,-5688.548416,11379.09683,1028.43385,1726.208487,119.9907883,-5685.456565,11376.91313,2.1837
g3,n10e3,td190,l95,n50,rad50k,Constant,t0,1004.63155,1004.63155,-5457.844014,10917.68803,1000.551275,1229.832579,114.2119255,-5457.34006,10920.68012,-2.99209
g3,n10e3,td190,l95,n50,rad50k,Constant,t0,1031.416175,1031.416175,-5740.619338,11483.23868,1024.213701,1447.812425,119.5920712,-5739.142022,11484.28404,-1.04536
g3,n10e3,td190,l95,n50,rad50k,Constant,t0,1079.110569,1079.110569,-5735.943656,11473.88731,1079.363952,1057.902617,96.05267947,-5735.939887,11477.87977,-3.99246
g3,n10e3,td190,l95,n50,wgs,Constant,t0,1046.485411,1046.485411,-572096.6349,1144195.27,1043.114889,1298.163271,101.3338732,-572049.8656,1144105.731,89.539
g3,n10e3,td190,l95,n50,wgs,Constant,t0,1041.135094,1041.135094,-570313.3765,1140628.753,1035.201976,1523.011245,117.4659749,-570154.4776,1140314.955,313.798
g3,n10e3,td190,l95,n50,wgs,Constant,t0,1030.724761,1030.724761,-566215.1066,1132432.213,1025.959877,1341.832336,101.5082312,-566142.2365,1132290.473,141.74
g3,n10e3,td190,l95,n50,wgs,Constant,t0,1039.511159,1039.511159,-571548.3863,1143098.773,1033.144728,1427.766136,119.9531611,-571421.9092,1142849.818,248.955
g3,n10e3,td190,l95,n50,wgs,Constant,t0,1036.093365,1036.093365,-570354.6167,1140711.233,1029.852115,1402.331316,119.860524,-570237.8015,1140481.603,229.63
g3,n10e4,td100,l99,n100,rad10k,Constant,t0,9939.755826,9939.755826,-13467.30191,26936.60383,9946.626162,4696.967554,58.14296529,-13466.84388,26939.68775,-3.08392
g3,n10e4,td100,l99,n100,rad10k,Constant,t0,9838.126878,9838.126878,-13350.7898,26703.5796,9840.354922,5953.470613,57.59193266,-13350.62538,26707.25076,-3.67116
g3,n10e4,td100,l99,n100,rad10k,Constant,t0,9990.980068,9990.980068,-13585.89477,27173.78953,9998.494271,3707.503037,58.69636564,-13584.9451,27175.89019,-2.10066
g3,n10e4,td100,l99,n100,rad10k,Constant,t0,9939.206941,9939.206941,-13519.02759,27040.05519,9945.604258,4459.814822,58.17817354,-13518.49935,27042.9987,-2.94351
g3,n10e4,td100,l99,n100,rad10k,Constant,t0,10023.96972,10023.96972,-13768.49886,27538.99773,10016.74256,5000000,51.77481158,-13767.24205,27540.48411,-1.48638
g3,n10e4,td100,l99,n100,rad50k,Constant,t0,10011.8254,10011.8254,-68300.38875,136602.7775,10006.07772,49380.75085,58.15633526,-68297.50888,136601.0178,1.7597
g3,n10e4,td100,l99,n100,rad50k,Constant,t0,9883.567502,9883.567502,-67524.21962,135050.4392,9880.681994,18626.11694,57.23840341,-67523.4793,135052.9586,-2.5194
g3,n10e4,td100,l99,n100,rad50k,Constant,t0,9753.460086,9753.460086,-66695.12091,133392.2418,9756.794489,7756.547959,57.71595404,-66694.98769,133395.9754,-3.7336
g3,n10e4,td100,l99,n100,rad50k,Constant,t0,9838.985195,9838.985195,-67425.62895,134853.2579,9837.403014,13358.97521,57.22470566,-67425.41749,134856.835,-3.5771
g3,n10e4,td100,l99,n100,rad50k,Constant,t0,10002.40194,10002.40194,-67959.10211,135920.2042,10001.87111,45266.1386,19.71164265,-67959.0055,135924.011,-3.8068
g3,n10e4,td100,l99,n100,wgs,Constant,t0,10036.64587,10036.64587,-6888027.042,13776056.08,10036.02001,14984.93493,19.48991368,-6888022.674,13776051.35,4.73
g3,n10e4,td100,l99,n100,wgs,Constant,t0,10025.21817,10025.21817,-6868340.647,13736683.29,10026.62486,5828.737979,20.63047761,-6868325.15,13736656.3,26.99
g3,n10e4,td100,l99,n100,wgs,Constant,t0,9969.295783,9969.295783,-6866108.079,13732218.16,9967.625259,109546.0154,20.38966461,-6866065.036,13732136.07,82.09
g3,n10e4,td100,l99,n100,wgs,Constant,t0,9994.157296,9994.157296,-6877312.595,13754627.19,9993.363585,19181.10568,18.45221907,-6877304.932,13754615.86,11.33
g3,n10e4,td100,l99,n100,wgs,Constant,t0,10045.48196,10045.48196,-6875468.895,13750939.79,10045.92117,7572.168407,20.65498466,-6875465.422,13750936.84,2.949999999
g3,n10e4,td100,l99,n200,rad10k,Constant,t0,9824.283326,9824.283326,-16822.21085,33646.4217,9836.718401,3826.439387,61.54917841,-16818.86136,33643.72272,2.69898
g3,n10e4,td100,l99,n200,rad10k,Constant,t0,9932.390572,9932.390572,-16940.45272,33882.90543,9932.761108,9208.665549,61.83466144,-16940.44062,33886.88123,-3.9758
g3,n10e4,td100,l99,n200,rad10k,Constant,t0,9985.687707,9985.687707,-17103.70579,34209.41158,9992.725596,5165.101884,61.65576643,-17102.40459,34210.80918,-1.3976
g3,n10e4,td100,l99,n200,rad10k,Constant,t0,9955.800485,9955.800485,-16994.62006,33991.24011,9963.758745,3927.811883,61.54953404,-16991.6371,33989.2742,1.96591
g3,n10e4,td100,l99,n200,rad10k,Constant,t0,10013.59754,10013.59754,-17411.67371,34825.34742,10015.83066,3981.872136,13.54912761,-17411.4686,34828.9372,-3.58978
g3,n10e4,td100,l99,n200,rad50k,Constant,t0,10000.60634,10000.60634,-85954.03685,171910.0737,10002.39205,3611.758836,12.11343655,-85952.92196,171911.8439,-1.7702
g3,n10e4,td100,l99,n200,rad50k,Constant,t0,9758.512309,9758.512309,-84338.32188,168678.6438,9760.102776,2742.58172,10.00756117,-84336.85534,168679.7107,-1.0669
g3,n10e4,td100,l99,n200,rad50k,Constant,t0,9891.859641,9891.859641,-84869.7613,169741.5226,9894.308929,2146.681663,10.02145413,-84867.28085,169740.5617,0.9609
g3,n10e4,td100,l99,n200,rad50k,Constant,t0,9854.905441,9854.905441,-85116.55938,170235.1188,9858.21703,1655.342379,10.08669725,-85112.24004,170230.4801,4.6387
g3,n10e4,td100,l99,n200,rad50k,Constant,t0,10009.67145,10009.67145,-85547.66682,171097.3336,10008.36693,3000.025921,10.48470414,-85546.35675,171098.7135,-1.3799
g3,n10e4,td100,l99,n20,wgs,Constant,t0,10009.11901,10009.11901,-3399262.334,6798526.668,10013.44452,5573.957025,72.57327528,-3399254.892,6798515.783,10.885
g3,n10e4,td100,l99,n20,wgs,Constant,t0,10043.02858,10043.02858,-3417862.167,6835726.333,10034.7346,194691.5566,72.0449406,-3417829.603,6835665.205,61.128
g3,n10e4,td100,l99,n20,wgs,Constant,t0,9975.617512,9975.617512,-3395641.036,6791284.071,9967.016054,210766.2229,71.85338222,-3395601.343,6791208.685,75.386
g3,n10e4,td100,l99,n20,wgs,Constant,t0,9964.801529,9964.801529,-3387904.578,6775811.156,9965.549798,8816.795933,72.52353084,-3387904.416,6775814.832,-3.676
g3,n10e4,td100,l99,n20,wgs,Constant,t0,10039.28585,10039.28585,-3404626.399,6809254.798,10042.31712,6483.347789,72.54484899,-3404623.178,6809252.357,2.441000001
g3,n10e4,td100,l99,n50,rad10k,Constant,t0,9920.863825,9920.863825,-10356.95994,20715.91988,9924.927118,5055.263642,59.19668058,-10356.8686,20719.7372,-3.81732
g3,n10e4,td100,l99,n50,rad10k,Constant,t0,9958.66034,9958.66034,-10364.44767,20730.89534,9965.942926,3640.378218,59.30237249,-10364.16891,20734.33782,-3.44248
g3,n10e4,td100,l99,n50,rad10k,Constant,t0,9781.23179,9781.23179,-10198.37001,20398.74001,9781.885269,8557.217029,58.69977743,-10198.36754,20402.73509,-3.99508
g3,n10e4,td100,l99,n50,rad10k,Constant,t0,10016.79891,10016.79891,-10383.53831,20769.07662,10025.47405,3323.45495,59.18517498,-10383.16222,20772.32445,-3.24783
g3,n10e4,td100,l99,n50,rad10k,Constant,t0,10035.92719,10035.92719,-10517.39905,21036.79809,10046.21558,853.2569227,20.26741271,-10516.76559,21039.53118,-2.73309
g3,n10e4,td100,l99,n50,rad50k,Constant,t0,9748.865841,9748.865841,-50936.07909,101874.1582,9748.973603,9543.597817,58.63088432,-50936.07877,101878.1575,-3.9993
g3,n10e4,td100,l99,n50,rad50k,Constant,t0,9838.980409,9838.980409,-51518.27958,103038.5592,9829.602876,4999996.008,67.78485868,-51515.63728,103037.2746,1.2846
g3,n10e4,td100,l99,n50,rad50k,Constant,t0,10036.82666,10036.82666,-52320.86113,104643.7223,10029.40436,844168.5194,57.1062034,-52319.26688,104644.5338,-0.8115
g3,n10e4,td100,l99,n50,rad50k,Constant,t0,9868.236053,9868.236053,-51497.63123,102997.2625,9859.685763,4999997.238,61.16372123,-51495.46474,102996.9295,0.333
g3,n10e4,td100,l99,n50,rad50k,Constant,t0,10011.52871,10011.52871,-52075.96818,104153.9364,10009.17508,65876.73447,19.48474762,-52075.73856,104157.4771,-3.5407
g3,n10e4,td100,l99,n50,wgs,Constant,t0,9991.913937,9991.913937,-5255615.419,10511232.84,9987.197598,17575.35759,119.45608,-5255550.109,10511106.22,126.62
g3,n10e4,td100,l99,n50,wgs,Constant,t0,9967.208703,9967.208703,-5245053.942,10490109.88,9963.215155,23477.23526,99.51570984,-5244957.876,10489921.75,188.13
g3,n10e4,td100,l99,n50,wgs,Constant,t0,10047.69798,10047.69798,-5265840.663,10531683.33,10046.46468,14368.19451,99.09017826,-5265817.622,10531641.24,42.09
g3,n10e4,td100,l99,n50,wgs,Constant,t0,10039.48266,10039.48266,-5274898.22,10549798.44,10035.23521,16145.48104,110.398084,-5274855.373,10549716.75,81.69
g3,n10e4,td100,l99,n50,wgs,Constant,t0,10018.01774,10018.01774,-5251878.831,10503759.66,10021.11557,9234.904299,99.12577523,-5251877.02,10503760.04,-0.379999999
g3,n10e4,td190,l95,n100,rad10k,Constant,t0,9597.509361,9597.509361,-13277.69896,26557.39793,9556.275585,5000000,119.9202635,-13269.35214,26544.70428,12.69365
g3,n10e4,td190,l95,n100,rad10k,Constant,t0,9971.296922,9971.296922,-13897.85127,27797.70255,9922.568939,5000000,116.7871009,-13889.51731,27785.03462,12.66793
g3,n10e4,td190,l95,n100,rad10k,Constant,t0,9885.282963,9885.282963,-13744.6074,27491.2148,9824.881279,5000000,118.3944449,-13735.33701,27476.67401,14.54079
g3,n10e4,td190,l95,n100,rad10k,Constant,t0,10010.91365,10010.91365,-13713.38402,27428.76804,9995.70944,4999915.945,98.97592287,-13708.85018,27423.70037,5.06767
g3,n10e4,td190,l95,n100,rad10k,Constant,t0,10177.87765,10177.87765,-14041.53912,28085.07824,10165.40412,491127.2496,81.16313034,-14039.01298,28084.02595,1.05229
g3,n10e4,td190,l95,n100,rad50k,Constant,t0,9841.150302,9841.150302,-68171.89,136345.78,9778.507418,5000000,119.9738278,-68123.98158,136253.9632,91.8168
g3,n10e4,td190,l95,n100,rad50k,Constant,t0,10110.22975,10110.22975,-69672.02069,139346.0414,10087.31399,1630447.953,119.5927666,-69640.6592,139287.3184,58.723
g3,n10e4,td190,l95,n100,rad50k,Constant,t0,9831.156347,9831.156347,-68213.29933,136428.5987,9794.390565,5000000,99.62138659,-68182.79749,136371.595,57.0037
g3,n10e4,td190,l95,n100,rad50k,Constant,t0,10077.58052,10077.58052,-69285.21188,138572.4238,10026.39487,5000000,119.7885586,-69242.23259,138490.4652,81.9586
g3,n10e4,td190,l95,n100,rad50k,Constant,t0,10232.20584,10232.20584,-70221.6916,140445.3832,10217.22355,4999957.12,103.9110369,-70197.60494,140401.2099,44.1733
g3,n10e4,td190,l95,n100,wgs,Constant,t0,10065.81275,10065.81275,-6992086.713,13984175.43,10043.89996,5000000,118.3655024,-6988746.929,13977499.86,6675.57
g3,n10e4,td190,l95,n100,wgs,Constant,t0,10034.35737,10034.35737,-6981769.795,13963541.59,10009.96926,5000000,118.2841248,-6978338.462,13956682.92,6858.67
g3,n10e4,td190,l95,n100,wgs,Constant,t0,10029.6096,10029.6096,-6979413.281,13958828.56,10009.75575,4999963.921,118.3860234,-6976121.242,13952248.48,6580.08
g3,n10e4,td190,l95,n100,wgs,Constant,t0,10066.52567,10066.52567,-7008732.612,14017467.22,10025.30886,5000000,119.9589366,-7004686.121,14009378.24,8088.98
g3,n10e4,td190,l95,n100,wgs,Constant,t0,10054.42999,10054.42999,-6991764.489,13983530.98,10045.56169,4999426.276,116.4111146,-6988926.539,13977859.08,5671.9
g3,n10e4,td190,l95,n200,rad10k,Constant,t0,9597.467691,9597.467691,-17013.7024,34029.40479,9528.840306,139973.7943,119.9969458,-16995.58854,33997.17707,32.22772
g3,n10e4,td190,l95,n200,rad10k,Constant,t0,10155.81298,10155.81298,-17805.3642,35612.72839,10137.1563,37569.81481,112.0416168,-17799.62579,35605.25158,7.47681
g3,n10e4,td190,l95,n200,rad10k,Constant,t0,10008.08186,10008.08186,-17543.75584,35089.51168,9929.955978,107269.2542,119.9493692,-17527.92012,35061.84024,27.67144
g3,n10e4,td190,l95,n200,rad10k,Constant,t0,9859.617377,9859.617377,-17476.40467,34954.80934,9825.431559,40179.77555,112.7369793,-17469.20855,34944.41709,10.39225
g3,n10e4,td190,l95,n200,rad10k,Constant,t0,9993.755572,9993.755572,-17723.82205,35449.6441,9967.095779,33251.12171,112.595971,-17718.22386,35442.44772,7.19638
g3,n10e4,td190,l95,n200,rad50k,Constant,t0,9833.570462,9833.570462,-86600.17124,173202.3425,9801.782609,48739.89258,112.5303574,-86559.07604,173124.1521,78.1904
g3,n10e4,td190,l95,n200,rad50k,Constant,t0,9856.160759,9856.160759,-86912.35914,173826.7183,9807.949138,68591.05058,112.6638184,-86857.16071,173720.3214,106.3969
g3,n10e4,td190,l95,n200,rad50k,Constant,t0,10076.14433,10076.14433,-88134.80375,176271.6075,10038.42454,71334.95853,112.4999825,-88082.5856,176171.1712,100.4363
g3,n10e4,td190,l95,n200,rad50k,Constant,t0,10112.22941,10112.22941,-88771.12882,177544.2576,10073.06627,63764.09403,112.4855669,-88722.14894,177450.2979,93.9597
g3,n10e4,td190,l95,n200,rad50k,Constant,t0,10226.31419,10226.31419,-89347.43876,178696.8775,10185.66715,64490.92162,114.6032424,-89297.80357,178601.6071,95.2704
g3,n10e4,td190,l95,n20,wgs,Constant,t0,10022.30106,10022.30106,-3421011.08,6842024.161,9999.0068,5000000,119.8417933,-3420694.489,6841394.977,629.184
g3,n10e4,td190,l95,n20,wgs,Constant,t0,10049.15769,10049.15769,-3418413.883,6836829.766,10038.06238,156395.9502,87.99816519,-3418336.807,6836679.615,150.151
g3,n10e4,td190,l95,n20,wgs,Constant,t0,10054.75798,10054.75798,-3436162.591,6872327.182,10027.55837,5000000,119.9124845,-3435730.743,6871467.485,859.697
g3,n10e4,td190,l95,n20,wgs,Constant,t0,10024.04102,10024.04102,-3420075.624,6840153.248,10001.49371,5000000,119.8223562,-3419781.207,6839568.415,584.833
g3,n10e4,td190,l95,n20,wgs,Constant,t0,10073.58089,10073.58089,-3436786.506,6873575.013,10046.67061,5000000,119.9093894,-3436363.713,6872733.426,841.587
g3,n10e4,td190,l95,n50,rad10k,Constant,t0,9614.107585,9614.107585,-10163.23139,20328.46277,9513.249053,5000000,119.6647233,-10156.45071,20318.90142,9.56135
g3,n10e4,td190,l95,n50,rad10k,Constant,t0,9884.990995,9884.990995,-10468.62698,20939.25395,9786.286692,5000000,119.657815,-10462.02855,20930.05711,9.19684
g3,n10e4,td190,l95,n50,rad10k,Constant,t0,9984.462269,9984.462269,-10564.69595,21131.39191,9961.130963,5000000,119.8958366,-10562.65645,21131.31291,0.079
g3,n10e4,td190,l95,n50,rad10k,Constant,t0,10004.82006,10004.82006,-10444.66012,20891.32024,9984.920717,5000000,116.9183179,-10442.91691,20891.83382,-0.51358
g3,n10e4,td190,l95,n50,rad10k,Constant,t0,10173.9577,10173.9577,-10704.96498,21411.92995,10153.33794,5000000,119.9792341,-10703.13808,21412.27616,-0.34621
g3,n10e4,td190,l95,n50,rad50k,Constant,t0,9811.793851,9811.793851,-51758.30753,103518.6151,9773.572381,5000000,119.2946977,-51743.54478,103493.0896,25.5255
g3,n10e4,td190,l95,n50,rad50k,Constant,t0,10121.61933,10121.61933,-53116.66782,106235.3356,10069.91479,5000000,119.9632144,-53098.08245,106202.1649,33.1707
g3,n10e4,td190,l95,n50,rad50k,Constant,t0,10219.9863,10219.9863,-53500.51294,107003.0259,10180.53793,5000000,119.9937229,-53485.74796,106977.4959,25.53
g3,n10e4,td190,l95,n50,rad50k,Constant,t0,9841.496599,9841.496599,-51892.00901,103786.018,9747.616336,5000000,119.6472315,-51860.49755,103726.9951,59.0229
g3,n10e4,td190,l95,n50,rad50k,Constant,t0,10096.59684,10096.59684,-52841.57952,105685.159,10058.92283,5000000,113.0277316,-52827.87475,105661.7495,23.4095
g3,n10e4,td190,l95,n50,wgs,Constant,t0,10029.94644,10029.94644,-5307168.311,10614338.62,9993.985592,5000000,119.7951021,-5305769.627,10611545.25,2793.37
g3,n10e4,td190,l95,n50,wgs,Constant,t0,10070.5863,10070.5863,-5329449.759,10658901.52,10018.58229,5000000,119.9961373,-5327563.502,10655133,3768.52
g3,n10e4,td190,l95,n50,wgs,Constant,t0,10036.4151,10036.4151,-5315819.755,10631641.51,9992.416868,5000000,88.44387146,-5314397.15,10628800.3,2841.21
g3,n10e4,td190,l95,n50,wgs,Constant,t0,10060.55042,10060.55042,-5334047.059,10668096.12,10009.41686,5000000,119.9959127,-5332184.392,10664374.78,3721.34
g3,n10e4,td190,l95,n50,wgs,Constant,t0,10066.6263,10066.6263,-5327111.328,10654224.66,10018.99402,5000000,88.53444377,-5325578.479,10651162.96,3061.7
g3,n10e3,td100,l99,n100,rad10k,Constant,t0t120,473.2341961,473.2341961,-2363.516897,4729.033794,718.7279621,244.1014661,118.5483452,-2350.286778,4706.573556,22.460238
g3,n10e3,td100,l99,n100,rad10k,Constant,t0t120,410.3541134,410.3541134,-2282.006419,4566.012838,676.1407733,198.9020488,119.9932455,-2264.615379,4535.230759,30.782079
g3,n10e3,td100,l99,n100,rad10k,Constant,t0t120,393.1479034,393.1479034,-2339.325624,4680.651249,704.8230661,177.0658836,119.943875,-2317.018007,4640.036014,40.615235
g3,n10e3,td100,l99,n100,rad10k,Constant,t0t120,386.8366958,386.8366958,-2122.929729,4247.859459,591.3727605,141.6859919,72.71213723,-2109.311039,4224.622079,23.23738
g3,n10e3,td100,l99,n100,rad10k,Constant,t0t120,396.1263599,396.1263599,-2196.313603,4394.627206,496.7030769,282.7072271,119.9950789,-2192.500388,4391.000776,3.62643
g3,n10e3,td100,l99,n100,rad50k,Constant,t0t120,388.7032164,388.7032164,-12359.68155,24721.3631,639.3302458,201.4332002,119.2472376,-12278.005,24562.01,159.3531
g3,n10e3,td100,l99,n100,rad50k,Constant,t0t120,416.4708698,416.4708698,-11683.16942,23368.33885,673.0017741,213.8973112,119.9925095,-11607.71818,23221.43636,146.90249
g3,n10e3,td100,l99,n100,rad50k,Constant,t0t120,426.8188168,426.8188168,-12493.25849,24988.51698,723.7119611,205.9563937,119.6675709,-12398.83001,24803.66003,184.85695
g3,n10e3,td100,l99,n100,rad50k,Constant,t0t120,438.6024486,438.6024486,-12224.00233,24450.00467,712.2227249,220.348862,119.9977012,-12143.5003,24293.00059,157.00408
g3,n10e3,td100,l99,n100,rad50k,Constant,t0t120,433.2220782,433.2220782,-12078.85586,24159.71172,683.7009023,226.3199635,119.9264528,-12006.74188,24019.48377,140.22795
g3,n10e3,td100,l99,n100,wgs,Constant,t0t120,425.2032898,425.2032898,-1223791.446,2447584.892,683.8797755,218.1869245,119.2266371,-1216066.966,2432139.931,15444.961
g3,n10e3,td100,l99,n100,wgs,Constant,t0t120,421.4869116,421.4869116,-1219172.176,2438346.353,676.6961936,218.7773629,119.9784307,-1211540.335,2423086.669,15259.684
g3,n10e3,td100,l99,n100,wgs,Constant,t0t120,439.3533618,439.3533618,-1217461.067,2434924.134,698.7722415,226.8460082,119.9784778,-1209970.804,2419947.608,14976.526
g3,n10e3,td100,l99,n100,wgs,Constant,t0t120,413.200007,413.200007,-1200136.133,2400274.267,664.3230112,213.6336695,119.9971771,-1192467.842,2384941.684,15332.583
g3,n10e3,td100,l99,n100,wgs,Constant,t0t120,420.7595057,420.7595057,-1202142.39,2404286.78,642.1520393,233.41004,119.9770347,-1196083.915,2392173.83,12112.95
g3,n10e3,td100,l99,n200,rad10k,Constant,t0t120,363.3793076,363.3793076,-2864.709711,5731.419423,516.5479393,227.3064823,119.9999918,-2851.537075,5709.074149,22.345274
g3,n10e3,td100,l99,n200,rad10k,Constant,t0t120,460.3080637,460.3080637,-3058.787135,6119.574269,703.2269523,254.4521244,119.9725758,-3039.9752,6085.9504,33.623869
g3,n10e3,td100,l99,n200,rad10k,Constant,t0t120,385.6661905,385.6661905,-2947.282104,5896.564208,616.877983,208.7063416,119.9983368,-2925.793731,5857.587463,38.976745
g3,n10e3,td100,l99,n200,rad10k,Constant,t0t120,373.8796804,373.8796804,-2816.553803,5635.107607,614.0061165,194.42749,119.9999665,-2793.168632,5592.337263,42.770344
g3,n10e3,td100,l99,n200,rad10k,Constant,t0t120,397.6831826,397.6831826,-3044.851355,6091.702709,656.0883188,207.4499109,119.9988827,-3021.019175,6048.038351,43.664358
g3,n10e3,td100,l99,n200,rad50k,Constant,t0t120,376.2751148,376.2751148,-15171.69395,30345.3879,605.9971239,205.6730685,119.9995461,-15063.36102,30132.72203,212.66587
g3,n10e3,td100,l99,n200,rad50k,Constant,t0t120,399.6481781,399.6481781,-16232.50082,32467.00164,656.4029551,212.9371471,119.9997048,-16112.31428,32230.62856,236.37308
g3,n10e3,td100,l99,n200,rad50k,Constant,t0t120,372.7190025,372.7190025,-15970.29549,31942.59098,585.5198347,212.1196571,119.9903565,-15869.52172,31745.04343,197.54755
g3,n10e3,td100,l99,n200,rad50k,Constant,t0t120,401.580468,401.580468,-15506.27956,31014.55912,642.2446023,219.2431676,119.9996997,-15399.26462,30804.52924,210.02988
g3,n10e3,td100,l99,n200,rad50k,Constant,t0t120,408.3565671,408.3565671,-15837.1475,31676.295,649.1274593,224.1823349,119.9994997,-15731.83035,31469.66069,206.63431
g3,n10e3,td100,l99,n20,wgs,Constant,t0t120,880.3126959,880.3126959,-563308.4996,1126618.999,956.8090493,277.8811438,119.9308376,-561932.4227,1123870.845,2748.154
g3,n10e3,td100,l99,n20,wgs,Constant,t0t120,841.304892,841.304892,-562449.2629,1124900.526,950.5019849,203.2653273,119.9900971,-559919.6057,1119845.211,5055.315
g3,n10e3,td100,l99,n20,wgs,Constant,t0t120,883.2068372,883.2068372,-567871.0745,1135744.149,965.9065068,236.6774722,107.5813016,-566278.6746,1132563.349,3180.8
g3,n10e3,td100,l99,n20,wgs,Constant,t0t120,845.0103972,845.0103972,-574438.1575,1148878.315,977.3530796,171.7548931,119.9836537,-570832.2032,1141670.406,7207.909
g3,n10e3,td100,l99,n20,wgs,Constant,t0t120,866.0156182,866.0156182,-575240.0184,1150482.037,977.5237584,201.682041,119.7793929,-572563.3273,1145132.655,5349.382
g3,n10e3,td100,l99,n50,rad10k,Constant,t0t120,532.5471404,532.5471404,-1671.763769,3345.527538,761.5585403,240.0046296,119.9978608,-1663.351735,3332.703469,12.824069
g3,n10e3,td100,l99,n50,rad10k,Constant,t0t120,521.3079618,521.3079618,-1765.462495,3532.924989,775.5634562,223.4791129,119.9963714,-1755.255792,3516.511584,16.413405
g3,n10e3,td100,l99,n50,rad10k,Constant,t0t120,442.4350799,442.4350799,-1599.739086,3201.478172,761.7653396,156.3674576,119.998691,-1582.883256,3171.766511,29.711661
g3,n10e3,td100,l99,n50,rad10k,Constant,t0t120,513.5846824,513.5846824,-1744.850671,3491.701342,829.312556,189.0137628,119.9979233,-1729.901455,3465.802909,25.898433
g3,n10e3,td100,l99,n50,rad10k,Constant,t0t120,448.1654693,448.1654693,-1625.339207,3252.678414,519.2105099,84.33674931,13.90993113,-1623.732764,3253.465529,-0.787115
g3,n10e3,td100,l99,n50,rad50k,Constant,t0t120,496.5255483,496.5255483,-9225.580422,18453.16084,768.3373884,219.4860506,119.9999774,-9172.235893,18350.47179,102.68905
g3,n10e3,td100,l99,n50,rad50k,Constant,t0t120,529.1452794,529.1452794,-8716.614437,17435.22887,784.313491,230.2040871,119.9721164,-8667.373279,17340.74656,94.48231
g3,n10e3,td100,l99,n50,rad50k,Constant,t0t120,529.1341122,529.1341122,-9370.300224,18742.60045,877.5931338,188.2882583,119.7725206,-9286.188634,18578.37727,164.22318
g3,n10e3,td100,l99,n50,rad50k,Constant,t0t120,529.4132015,529.4132015,-9058.821102,18119.6422,870.7368275,189.5777479,119.9894764,-8977.609691,17961.21938,158.42282
g3,n10e3,td100,l99,n50,rad50k,Constant,t0t120,530.6900878,530.6900878,-9037.695921,18077.39184,807.9894023,221.7188623,119.985766,-8981.739394,17969.47879,107.91305
g3,n10e3,td100,l99,n50,wgs,Constant,t0t120,525.9428104,525.9428104,-896099.3269,1792200.654,772.1265775,239.8513066,119.750572,-891587.2562,1783180.512,9020.142
g3,n10e3,td100,l99,n50,wgs,Constant,t0t120,523.8329531,523.8329531,-908238.7042,1816479.408,832.8295415,203.2891554,119.9996592,-901355.3682,1802716.736,13762.672
g3,n10e3,td100,l99,n50,wgs,Constant,t0t120,517.5370294,517.5370294,-894939.143,1789880.286,777.3657041,226.1653138,119.6674989,-889851.5961,1779709.192,10171.094
g3,n10e3,td100,l99,n50,wgs,Constant,t0t120,514.9200492,514.9200492,-914595.3963,1829192.793,822.2310246,202.2329499,119.7315761,-907822.5708,1815651.142,13541.651
g3,n10e3,td100,l99,n50,wgs,Constant,t0t120,556.2396846,556.2396846,-904957.1207,1809916.241,818.8084007,237.5364521,119.8986765,-899863.2754,1799732.551,10183.69
g3,n10e3,td190,l95,n100,rad10k,Constant,t0t120,534.6306131,534.6306131,-2410.78199,4823.56398,651.2380078,349.4615136,91.65720195,-2407.484935,4820.96987,2.59411
g3,n10e3,td190,l95,n100,rad10k,Constant,t0t120,631.6683959,631.6683959,-2759.261978,5520.523957,838.3206464,392.4903386,118.7803718,-2752.669704,5511.339409,9.184548
g3,n10e3,td190,l95,n100,rad10k,Constant,t0t120,561.7796628,561.7796628,-2249.371955,4500.743911,695.4739827,382.1731576,119.8256591,-2245.570102,4497.140204,3.603707
g3,n10e3,td190,l95,n100,rad10k,Constant,t0t120,538.0309486,538.0309486,-2060.033762,4122.067523,588.249811,367.7983158,58.24348688,-2059.026092,4124.052184,-1.984661
g3,n10e3,td190,l95,n100,rad10k,Constant,t0t120,640.6946836,640.6946836,-2558.539114,5119.078228,728.5655502,96.58788395,10.00151261,-2555.810563,5117.621126,1.457102
g3,n10e3,td190,l95,n100,rad50k,Constant,t0t120,520.4693115,520.4693115,-11898.16941,23798.33883,623.5561653,388.4504875,119.9523902,-11885.53373,23777.06745,21.27138
g3,n10e3,td190,l95,n100,rad50k,Constant,t0t120,578.8201979,578.8201979,-11958.17713,23918.35426,624.5885894,479.3598119,91.64915903,-11955.43504,23916.87008,1.48418
g3,n10e3,td190,l95,n100,rad50k,Constant,t0t120,594.2123343,594.2123343,-12161.41907,24324.83814,644.6908929,486.5548652,91.64056356,-12158.30154,24322.60307,2.23507
g3,n10e3,td190,l95,n100,rad50k,Constant,t0t120,609.2510982,609.2510982,-12032.54269,24067.08537,651.1615793,514.9781534,91.68969561,-12030.45435,24066.9087,0.17667
g3,n10e3,td190,l95,n100,rad50k,Constant,t0t120,602.9137586,602.9137586,-12165.9361,24333.87219,716.9080837,440.6031817,116.3374436,-12153.88738,24313.77475,20.09744
g3,n10e3,td190,l95,n100,wgs,Constant,t0t120,589.8607773,589.8607773,-1230440.051,2460882.101,675.7339295,443.2477564,102.8874994,-1229626.308,2459258.616,1623.485
g3,n10e3,td190,l95,n100,wgs,Constant,t0t120,572.4540463,572.4540463,-1230725.017,2461452.033,651.3021581,438.8383769,103.4870573,-1230001.937,2460009.873,1442.16
g3,n10e3,td190,l95,n100,wgs,Constant,t0t120,587.7562491,587.7562491,-1229722.125,2459446.251,683.5973271,451.0548266,119.8921553,-1228769.974,2457545.947,1900.304
g3,n10e3,td190,l95,n100,wgs,Constant,t0t120,576.6963875,576.6963875,-1226697.313,2453396.626,657.7130436,445.4711185,107.6533157,-1225959.37,2451924.739,1471.887
g3,n10e3,td190,l95,n100,wgs,Constant,t0t120,586.9176184,586.9176184,-1220168.061,2440338.121,653.6215473,340.4630337,45.20940701,-1219460.36,2438926.719,1411.402
g3,n10e3,td190,l95,n200,rad10k,Constant,t0t120,587.6888694,587.6888694,-3337.171568,6676.343136,696.6615644,100.6596215,13.26585526,-3329.086066,6664.172131,12.171005
g3,n10e3,td190,l95,n200,rad10k,Constant,t0t120,520.8247697,520.8247697,-3168.562137,6339.124274,585.4757108,120.3476772,11.96373285,-3163.820888,6333.641777,5.482497
g3,n10e3,td190,l95,n200,rad10k,Constant,t0t120,509.2878631,509.2878631,-2968.081159,5938.162318,603.4818729,333.7434172,80.2365462,-2963.636994,5933.273989,4.888329
g3,n10e3,td190,l95,n200,rad10k,Constant,t0t120,579.3547509,579.3547509,-3560.744471,7123.488942,748.6056622,324.872799,80.07714354,-3551.387024,7108.774047,14.714895
g3,n10e3,td190,l95,n200,rad10k,Constant,t0t120,495.5407878,495.5407878,-2696.321343,5394.642685,547.4263524,274.8743166,35.6345728,-2693.896735,5393.793469,0.849216
g3,n10e3,td190,l95,n200,rad50k,Constant,t0t120,531.3710632,531.3710632,-15737.89039,31477.78079,605.0273618,386.8834697,80.151938,-15724.78894,31455.57788,22.20291
g3,n10e3,td190,l95,n200,rad50k,Constant,t0t120,542.2088221,542.2088221,-15942.81817,31887.63635,586.9861244,166.1822004,11.48132723,-15930.22337,31866.44674,21.18961
g3,n10e3,td190,l95,n200,rad50k,Constant,t0t120,504.6649486,504.6649486,-15578.25048,31158.50096,569.6691038,421.3638301,119.8783824,-15569.51749,31145.03497,13.46599
g3,n10e3,td190,l95,n200,rad50k,Constant,t0t120,552.1389957,552.1389957,-15671.39868,31344.79736,594.1531698,165.209912,10.38768915,-15660.03264,31326.06528,18.73208
g3,n10e3,td190,l95,n200,rad50k,Constant,t0t120,555.9792902,555.9792902,-15949.02136,31900.04272,631.0719537,437.0134768,100.4489229,-15938.58032,31883.16064,16.88208
g3,n10e3,td190,l95,n20,wgs,Constant,t0t120,967.0818545,967.0818545,-572072.3457,1144146.691,974.2354049,558.3224863,31.48730617,-572057.6342,1144121.268,25.423
g3,n10e3,td190,l95,n20,wgs,Constant,t0t120,955.119778,955.119778,-567294.722,1134591.444,953.1071964,1160.707266,31.24882804,-567293.5522,1134593.104,-1.66
g3,n10e3,td190,l95,n20,wgs,Constant,t0t120,924.8102897,924.8102897,-567104.1347,1134210.269,969.0764224,412.90663,119.9051728,-566592.1922,1133190.384,1019.885
g3,n10e3,td190,l95,n20,wgs,Constant,t0t120,945.5377286,945.5377286,-568445.8126,1136893.625,968.900568,580.7469165,118.4893769,-568295.856,1136597.712,295.913
g3,n10e3,td190,l95,n20,wgs,Constant,t0t120,938.4052849,938.4052849,-564567.3576,1129136.715,950.3273872,726.0673067,119.9552807,-564529.9365,1129065.873,70.842
g3,n10e3,td190,l95,n50,rad10k,Constant,t0t120,589.4009137,589.4009137,-1516.323448,3034.646896,611.3527689,512.8758402,91.64735096,-1516.216091,3038.432181,-3.785285
g3,n10e3,td190,l95,n50,rad10k,Constant,t0t120,815.5636941,815.5636941,-2052.213153,4106.426305,1031.699339,365.5123841,119.753319,-2045.78146,4097.56292,8.863385
g3,n10e3,td190,l95,n50,rad10k,Constant,t0t120,692.0803408,692.0803408,-1800.015103,3602.030205,833.7450499,400.8457246,119.9869527,-1796.973559,3599.947118,2.083087
g3,n10e3,td190,l95,n50,rad10k,Constant,t0t120,645.9939128,645.9939128,-1631.289058,3264.578115,750.798789,382.0024065,104.803736,-1629.209293,3264.418587,0.159528
g3,n10e3,td190,l95,n50,rad10k,Constant,t0t120,887.9758665,887.9758665,-1900.078775,3802.15755,933.5521885,172.7580584,10.70225343,-1899.575376,3805.150752,-2.993202
g3,n10e3,td190,l95,n50,rad50k,Constant,t0t120,685.9418897,685.9418897,-8869.220327,17740.44065,731.4530386,565.0069308,119.919826,-8867.486117,17740.97223,-0.53158
g3,n10e3,td190,l95,n50,rad50k,Constant,t0t120,743.9765014,743.9765014,-8956.254477,17914.50895,781.193096,628.5110369,119.8724791,-8955.10546,17916.21092,-1.70197
g3,n10e3,td190,l95,n50,rad50k,Constant,t0t120,613.5154098,613.5154098,-8794.418506,17590.83701,739.9609083,382.2743104,119.9349523,-8781.901688,17569.80338,21.03363
g3,n10e3,td190,l95,n50,rad50k,Constant,t0t120,725.7956918,725.7956918,-8900.654426,17803.30885,788.6531921,539.6802009,111.7413179,-8897.327512,17800.65502,2.65383
g3,n10e3,td190,l95,n50,rad50k,Constant,t0t120,770.576255,770.576255,-9062.434792,18126.86958,879.0542655,485.631596,119.9678738,-9053.356921,18112.71384,14.15574
g3,n10e3,td190,l95,n50,wgs,Constant,t0t120,734.3845659,734.3845659,-908811.3407,1817624.681,809.0882984,480.9303466,90.503545,-908342.3596,1816690.719,933.962
g3,n10e3,td190,l95,n50,wgs,Constant,t0t120,694.7520555,694.7520555,-907510.3595,1815022.719,805.3516094,372.8881262,83.97217636,-906502.5691,1813011.138,2011.581
g3,n10e3,td190,l95,n50,wgs,Constant,t0t120,706.5602688,706.5602688,-903133.0442,1806268.088,760.6743727,387.4507612,43.9817668,-902866.7242,1805739.448,528.64
g3,n10e3,td190,l95,n50,wgs,Constant,t0t120,701.7810406,701.7810406,-909499.47,1819000.94,810.1413855,454.4445379,119.973551,-908573.8258,1817153.652,1847.288
g3,n10e3,td190,l95,n50,wgs,Constant,t0t120,710.0103023,710.0103023,-907079.0971,1814160.194,779.6632577,522.5030825,113.4350386,-906687.4003,1813380.801,779.393
g3,n10e4,td100,l99,n100,rad10k,Constant,t0t120,9401.830154,9401.830154,-20295.99676,40593.99351,9776.712155,952.3341424,57.14438616,-20275.51849,40557.03699,36.95652
g3,n10e4,td100,l99,n100,rad10k,Constant,t0t120,9320.242063,9320.242063,-20160.37047,40322.74094,9706.665124,1722.182181,108.4916476,-20138.51231,40283.02462,39.71632
g3,n10e4,td100,l99,n100,rad10k,Constant,t0t120,9237.396213,9237.396213,-20682.72145,41367.4429,9788.485571,638.8771505,57.151284,-20642.62401,41291.24802,76.19488
g3,n10e4,td100,l99,n100,rad10k,Constant,t0t120,9413.398899,9413.398899,-20418.18818,40838.37636,9783.971688,946.5630244,57.18901991,-20398.24996,40802.49993,35.87643
g3,n10e4,td100,l99,n100,rad10k,Constant,t0t120,9313.157086,9313.157086,-20761.39209,41524.78419,9778.72991,1682.668523,119.9221874,-20731.92983,41469.85966,54.92453
g3,n10e4,td100,l99,n100,rad50k,Constant,t0t120,9494.472061,9494.472061,-102437.2313,204876.4626,9758.518747,1430.501512,57.16700616,-102386.8183,204779.6367,96.8259
g3,n10e4,td100,l99,n100,rad50k,Constant,t0t120,9242.09753,9242.09753,-101683.2294,203368.4589,9640.601021,936.7294502,57.31565995,-101577.2943,203160.5886,207.8703
g3,n10e4,td100,l99,n100,rad50k,Constant,t0t120,9102.611157,9102.611157,-100892.1631,201786.3262,9535.474916,1769.784873,119.936052,-100762.5311,201531.0622,255.264
g3,n10e4,td100,l99,n100,rad50k,Constant,t0t120,9239.815344,9239.815344,-101687.6338,203377.2675,9629.101026,959.3002174,57.22996684,-101584.9155,203175.831,201.4365
g3,n10e4,td100,l99,n100,rad50k,Constant,t0t120,9417.960783,9417.960783,-102311.7326,204625.4651,9753.477744,1349.971963,69.56725432,-102232.0418,204470.0837,155.3814
g3,n10e4,td100,l99,n100,wgs,Constant,t0t120,9481.564925,9481.564925,-10370741.17,20741484.33,9811.312348,2282.882114,119.9577399,-10362619.51,20725245.03,16239.3
g3,n10e4,td100,l99,n100,wgs,Constant,t0t120,9366.664823,9366.664823,-10364806.32,20729614.64,9796.235615,1797.040219,119.2658123,-10351843.7,20703693.39,25921.25
g3,n10e4,td100,l99,n100,wgs,Constant,t0t120,9329.451025,9329.451025,-10338681.65,20677365.3,9709.819766,2032.055668,119.2664617,-10328518.52,20657043.04,20322.26
g3,n10e4,td100,l99,n100,wgs,Constant,t0t120,9396.652027,9396.652027,-10341200.74,20682403.48,9756.089797,2127.436009,119.2665984,-10331944.1,20663894.21,18509.27
g3,n10e4,td100,l99,n100,wgs,Constant,t0t120,9432.520171,9432.520171,-10368115.16,20736232.33,9810.335032,2024.8667,119.2662534,-10357849.49,20715704.98,20527.35
g3,n10e4,td100,l99,n200,rad10k,Constant,t0t120,7731.640012,7731.640012,-25827.48863,51656.97727,9252.12036,1868.769472,119.5678823,-25756.19819,51518.39638,138.58089
g3,n10e4,td100,l99,n200,rad10k,Constant,t0t120,7644.446114,7644.446114,-25934.99201,51871.98401,9273.049825,1827.048799,118.6568072,-25857.92168,51721.84336,150.14065
g3,n10e4,td100,l99,n200,rad10k,Constant,t0t120,7597.789573,7597.789573,-26398.42809,52798.85618,9297.73011,1769.136678,119.9890315,-26314.89816,52635.79632,163.05986
g3,n10e4,td100,l99,n200,rad10k,Constant,t0t120,7899.348393,7899.348393,-26108.26375,52218.5275,9242.792853,2095.804935,119.9109626,-26050.67948,52107.35896,111.16854
g3,n10e4,td100,l99,n200,rad10k,Constant,t0t120,7600.45724,7600.45724,-26597.65097,53197.30194,9223.281091,1913.165731,119.9838494,-26525.66407,53057.32813,139.97381
g3,n10e4,td100,l99,n200,rad50k,Constant,t0t120,7813.734286,7813.734286,-131413.1586,262828.3172,9117.653906,2291.92456,119.0880237,-131161.6289,262329.2578,499.0594
g3,n10e4,td100,l99,n200,rad50k,Constant,t0t120,7483.136656,7483.136656,-129321.5092,258645.0184,9000.355572,1942.962893,119.6613844,-128988.4081,257982.8163,662.2021
g3,n10e4,td100,l99,n200,rad50k,Constant,t0t120,7662.588222,7662.588222,-130315.0355,260632.0709,9115.511603,1703.62525,96.62242186,-130010.9948,260027.9896,604.0813
g3,n10e4,td100,l99,n200,rad50k,Constant,t0t120,7525.735833,7525.735833,-130339.3432,260680.6864,9075.702536,1960.57979,119.7310116,-130001.0064,260008.0128,672.6736
g3,n10e4,td100,l99,n200,rad50k,Constant,t0t120,7871.878996,7871.878996,-130869.3004,261740.6008,9202.270052,2192.177909,119.9456141,-130596.5682,261199.1364,541.4644
g3,n10e4,td100,l99,n20,wgs,Constant,t0t120,9993.65152,9993.65152,-5165035.95,10330073.9,10034.1285,792.902411,76.13639157,-5164073.114,10328152.23,1921.67
g3,n10e4,td100,l99,n20,wgs,Constant,t0t120,10029.21807,10029.21807,-5165332.077,10330666.15,10049.11007,1686.487166,75.99054858,-5165094.88,10330195.76,470.39
g3,n10e4,td100,l99,n20,wgs,Constant,t0t120,9985.948592,9985.948592,-5141686.68,10283375.36,9999.780216,2371.37119,75.78155207,-5141570.03,10283146.06,229.3
g3,n10e4,td100,l99,n20,wgs,Constant,t0t120,9954.924748,9954.924748,-5127816.422,10255634.84,9971.983032,1950.339554,75.82072069,-5127635.666,10255277.33,357.51
g3,n10e4,td100,l99,n20,wgs,Constant,t0t120,10030.67516,10030.67516,-5158052.803,10316107.61,10051.53854,1606.727658,76.00267487,-5157794.662,10315595.32,512.29
g3,n10e4,td100,l99,n50,rad10k,Constant,t0t120,9893.237936,9893.237936,-15623.7383,31249.47659,9994.744266,884.2995458,57.03794399,-15618.17017,31242.34033,7.13626
g3,n10e4,td100,l99,n50,rad10k,Constant,t0t120,9857.021342,9857.021342,-15478.74822,30959.49645,9924.120627,1389.743384,56.77178097,-15476.21715,30958.43429,1.06216
g3,n10e4,td100,l99,n50,rad10k,Constant,t0t120,9681.701145,9681.701145,-15307.85863,30617.71726,9815.795468,633.1980939,57.30913105,-15297.91145,30601.82289,15.89437
g3,n10e4,td100,l99,n50,rad10k,Constant,t0t120,9803.98703,9803.98703,-15647.51795,31297.0359,9939.411387,671.8325493,57.26622539,-15637.62563,31281.25126,15.78464
g3,n10e4,td100,l99,n50,rad10k,Constant,t0t120,9911.602714,9911.602714,-15908.21791,31818.43582,10023.40926,675.8879379,47.36585002,-15901.41521,31808.83041,9.60541
g3,n10e4,td100,l99,n50,rad50k,Constant,t0t120,9579.454571,9579.454571,-76805.05802,153612.116,9695.535959,806.3009903,57.22308443,-76770.02943,153546.0589,66.0571
g3,n10e4,td100,l99,n50,rad50k,Constant,t0t120,9679.649575,9679.649575,-77171.77114,154345.5423,9789.027611,1808.202452,118.7278415,-77138.5228,154283.0456,62.4967
g3,n10e4,td100,l99,n50,rad50k,Constant,t0t120,9885.95397,9885.95397,-77967.37976,155936.7595,9938.306147,1834.011783,57.17478474,-77959.77642,155925.5528,11.2067
g3,n10e4,td100,l99,n50,rad50k,Constant,t0t120,9695.123282,9695.123282,-77380.37902,154762.758,9819.727899,743.9306569,57.27282012,-77340.28032,154686.5606,76.1974
g3,n10e4,td100,l99,n50,rad50k,Constant,t0t120,9840.564446,9840.564446,-77929.09967,155860.1993,9920.03632,987.2398744,47.33390794,-77911.80531,155829.6106,30.5887
g3,n10e4,td100,l99,n50,wgs,Constant,t0t120,9822.745028,9822.745028,-7873582.973,15747167.95,9932.529563,1264.24583,82.99206947,-7870123.006,15740252.01,6915.94
g3,n10e4,td100,l99,n50,wgs,Constant,t0t120,9815.592169,9815.592169,-7858715.971,15717433.94,9916.209233,1167.318129,70.59194518,-7855923.273,15711852.55,5581.39
g3,n10e4,td100,l99,n50,wgs,Constant,t0t120,9877.697028,9877.697028,-7895758.312,15791518.62,9991.478766,1004.379779,70.57673848,-7892130.805,15784267.61,7251.01
g3,n10e4,td100,l99,n50,wgs,Constant,t0t120,9896.964179,9896.964179,-7904160.373,15808322.75,9990.167792,1265.812302,70.58869025,-7901760.496,15803526.99,4795.76
g3,n10e4,td100,l99,n50,wgs,Constant,t0t120,9851.561209,9851.561209,-7894018.367,15788038.73,9961.176722,1438.580545,94.52145609,-7890483.657,15780973.31,7065.42
g3,n10e4,td190,l95,n100,rad10k,Constant,t0t120,9327.579853,9327.579853,-19810.53429,39623.06858,9311.445666,12146.36825,55.02868631,-19810.49325,39626.98649,-3.91791
g3,n10e4,td190,l95,n100,rad10k,Constant,t0t120,9495.372947,9495.372947,-20685.26149,41372.52298,9681.546136,3753.808857,119.7702946,-20680.33157,41366.66314,5.85984
g3,n10e4,td190,l95,n100,rad10k,Constant,t0t120,9545.972469,9545.972469,-20266.13271,40534.26542,9513.753502,17645.20303,52.95985549,-20265.96193,40537.92387,-3.65845
g3,n10e4,td190,l95,n100,rad10k,Constant,t0t120,9629.145104,9629.145104,-20421.86011,40845.72021,9759.088367,2662.803313,55.16151158,-20419.16227,40844.32453,1.39568
g3,n10e4,td190,l95,n100,rad10k,Constant,t0t120,9869.158993,9869.158993,-20720.94814,41443.89628,9936.110001,3032.660547,33.14544777,-20720.2123,41446.42461,-2.52833
g3,n10e4,td190,l95,n100,rad50k,Constant,t0t120,9538.741658,9538.741658,-100671.3142,201344.6285,9528.654637,11208.47668,55.02759743,-100671.2297,201348.4594,-3.8309
g3,n10e4,td190,l95,n100,rad50k,Constant,t0t120,9705.359201,9705.359201,-103168.5499,206339.0998,9800.218849,5490.644296,114.6016124,-103161.1539,206328.3078,10.792
g3,n10e4,td190,l95,n100,rad50k,Constant,t0t120,9470.50362,9470.50362,-100720.5089,201443.0178,9566.850586,5204.862976,113.7478213,-100713.2306,201432.4612,10.5566
g3,n10e4,td190,l95,n100,rad50k,Constant,t0t120,9688.097351,9688.097351,-102941.9428,205885.8856,9815.391288,1799.741824,33.71798515,-102930.572,205867.1441,18.7415
g3,n10e4,td190,l95,n100,rad50k,Constant,t0t120,9864.617484,9864.617484,-104164.0804,208330.1608,9964.184294,5330.742113,119.2864295,-104155.9397,208317.8795,12.2813
g3,n10e4,td190,l95,n100,wgs,Constant,t0t120,9718.576769,9718.576769,-10358318.72,20716639.44,9786.761333,2731.683025,28.89690918,-10357957.98,20715921.95,717.49
g3,n10e4,td190,l95,n100,wgs,Constant,t0t120,9668.848292,9668.848292,-10318624.42,20637250.84,9756.483347,2164.22274,28.92186794,-10318029.55,20636065.1,1185.74
g3,n10e4,td190,l95,n100,wgs,Constant,t0t120,9654.969514,9654.969514,-10327857.37,20655716.74,9740.964524,2224.725839,28.90505975,-10327290.71,20654587.42,1129.32
g3,n10e4,td190,l95,n100,wgs,Constant,t0t120,9698.760307,9698.760307,-10350880.48,20701762.96,9774.460406,2503.439427,28.90732793,-10350441.2,20700888.41,874.55
g3,n10e4,td190,l95,n100,wgs,Constant,t0t120,9737.309765,9737.309765,-10352282.23,20704566.45,9780.904437,3831.266388,28.84420608,-10352143.75,20704293.49,272.96
g3,n10e4,td190,l95,n200,rad10k,Constant,t0t120,8186.125471,8186.125471,-25393.04174,50788.08347,8710.45659,549.361607,11.87423448,-25383.91356,50773.82713,14.25634
g3,n10e4,td190,l95,n200,rad10k,Constant,t0t120,8762.485148,8762.485148,-26550.41995,53102.83991,9337.427618,488.9981178,11.84908007,-26538.64783,53083.29567,19.54424
g3,n10e4,td190,l95,n200,rad10k,Constant,t0t120,8593.843628,8593.843628,-26158.36445,52318.72891,9155.944092,619.0751687,14.23381267,-26147.86154,52301.72308,17.00583
g3,n10e4,td190,l95,n200,rad10k,Constant,t0t120,8511.88412,8511.88412,-26060.71316,52123.42632,8891.650849,5140.162905,119.6331858,-26055.65383,52117.30766,6.11866
g3,n10e4,td190,l95,n200,rad10k,Constant,t0t120,8491.13567,8491.13567,-26447.67983,52897.35965,9045.152473,4251.761228,119.9989049,-26436.97144,52879.94288,17.41677
g3,n10e4,td190,l95,n200,rad50k,Constant,t0t120,8567.948658,8567.948658,-129139.0481,258280.0962,8995.805775,4795.380177,119.5083793,-129105.4481,258216.8963,63.1999
g3,n10e4,td190,l95,n200,rad50k,Constant,t0t120,8591.195121,8591.195121,-129042.4902,258086.9805,8894.731414,1022.635328,11.87657481,-129025.877,258057.7539,29.2266
g3,n10e4,td190,l95,n200,rad50k,Constant,t0t120,8755.060706,8755.060706,-131317.8468,262637.6936,9149.792401,765.4549339,11.86251516,-131290.4325,262586.865,50.8286
g3,n10e4,td190,l95,n200,rad50k,Constant,t0t120,8798.171526,8798.171526,-131820.0506,263642.1012,9243.556353,664.4427729,11.87006131,-131784.7511,263575.5021,66.5991
g3,n10e4,td190,l95,n200,rad50k,Constant,t0t120,8884.114285,8884.114285,-133069.0188,266140.0377,9374.900226,588.8176286,11.8682861,-133025.6951,266057.3901,82.6476
g3,n10e4,td190,l95,n20,wgs,Constant,t0t120,10018.97405,10018.97405,-5140613.868,10281229.74,10014.68886,5000000,31.08301936,-5140591.874,10281189.75,39.99
g3,n10e4,td190,l95,n20,wgs,Constant,t0t120,10015.14081,10015.14081,-5165513.746,10331029.49,10044.78641,407.1881078,29.87122693,-5165059.951,10330125.9,903.59
g3,n10e4,td190,l95,n20,wgs,Constant,t0t120,10049.25145,10049.25145,-5159788.38,10319578.76,10044.02848,5000000,32.48601991,-5159742.868,10319491.74,87.02
g3,n10e4,td190,l95,n20,wgs,Constant,t0t120,10030.4367,10030.4367,-5133016.153,10266034.31,10026.17471,44232.85703,28.53119827,-5132969.214,10265944.43,89.88
g3,n10e4,td190,l95,n20,wgs,Constant,t0t120,10055.86266,10055.86266,-5158791.951,10317585.9,10051.4782,5000000,31.21895749,-5158767.434,10317540.87,45.03
g3,n10e4,td190,l95,n50,rad10k,Constant,t0t120,9546.419599,9546.419599,-15013.49592,30028.99184,9548.56502,8428.222561,54.87178353,-15013.49326,30032.98652,-3.99468
g3,n10e4,td190,l95,n50,rad10k,Constant,t0t120,9711.729198,9711.729198,-15386.45502,30774.91003,9697.489389,37482.14134,53.75285699,-15386.3379,30778.6758,-3.76577
g3,n10e4,td190,l95,n50,rad10k,Constant,t0t120,9859.795263,9859.795263,-15803.3387,31608.67741,9910.192264,1907.281782,55.15375431,-15801.924,31609.84799,-1.17058
g3,n10e4,td190,l95,n50,rad10k,Constant,t0t120,9957.505227,9957.505227,-15575.82508,31153.65017,9967.749476,5815.824977,54.80541036,-15575.76544,31157.53088,-3.88071
g3,n10e4,td190,l95,n50,rad10k,Constant,t0t120,10084.40858,10084.40858,-15804.43538,31610.87075,10130.92241,1221.788262,33.89152213,-15803.21608,31612.43217,-1.56142
g3,n10e4,td190,l95,n50,rad50k,Constant,t0t120,9721.171119,9721.171119,-76712.48208,153426.9642,9735.52547,4846.437127,55.05646284,-76711.89985,153429.7997,-2.8355
g3,n10e4,td190,l95,n50,rad50k,Constant,t0t120,9978.744851,9978.744851,-78647.00521,157296.0104,10008.44881,3022.40084,55.18679448,-78644.54868,157295.0974,0.913
g3,n10e4,td190,l95,n50,rad50k,Constant,t0t120,10120.19133,10120.19133,-79234.05623,158470.1125,10154.34918,2641.873846,55.20411367,-79230.64867,158467.2973,2.8152
g3,n10e4,td190,l95,n50,rad50k,Constant,t0t120,9797.180527,9797.180527,-76591.23219,153184.4644,9776.894317,197043.6687,54.67382603,-76590.16741,153186.3348,-1.8704
g3,n10e4,td190,l95,n50,rad50k,Constant,t0t120,9968.605847,9968.605847,-78510.06757,157022.1351,10017.2061,1187.216427,33.90339963,-78503.69551,157013.391,8.7441
g3,n10e4,td190,l95,n50,wgs,Constant,t0t120,9925.244317,9925.244317,-7860228.548,15720459.1,9941.398147,2933.397838,29.027567,-7860154.063,15720314.13,144.97
g3,n10e4,td190,l95,n50,wgs,Constant,t0t120,9981.853825,9981.853825,-7890834.406,15781670.81,9990.666646,4482.851994,28.77623669,-7890811.063,15781628.13,42.68
g3,n10e4,td190,l95,n50,wgs,Constant,t0t120,9918.060348,9918.060348,-7871044.576,15742091.15,9943.454852,1957.725496,29.15251049,-7870863.988,15741733.98,357.17
g3,n10e4,td190,l95,n50,wgs,Constant,t0t120,9967.545108,9967.545108,-7883606.921,15767215.84,9980.342673,3409.476284,28.13240027,-7883558.88,15767123.76,92.08
g3,n10e4,td190,l95,n50,wgs,Constant,t0t120,9918.467376,9918.467376,-7895494.577,15790991.15,9977.420335,846.6868646,29.57351113,-7894608.546,15789223.09,1768.06