gentime,NeAnc,td,lambda,maxn,sampn,data,Model,scheme,Nh,Nc,T,lnL,AIC,NhC,NcC,lnLC,AICC,delta
g1,n10e4,constant,constant,n500,n100,rad10k,Change,t0,10297.771,37.17034036,10.0045481,-12344.30417,24694.60833,10039.97336,10039.97336,-12623.8991,25249.7982,-555.1898681
g1,n10e4,constant,constant,n500,n100,rad10k,Change,t0t120,11386.88936,244.9720755,10.00452034,-18765.80105,37537.6021,10676.04854,10676.04854,-18801.49318,37604.98636,-67.38426301
g1,n10e4,constant,constant,n500,n100,rad10k,Change,all,11183.2482,5174.774365,58.75238649,-32113.56746,64233.13493,10771.1089,10771.1089,-32134.08516,64270.17032,-37.03539072
g1,n10e4,constant,constant,n500,n100,rad10k,Change,t0,10338.26568,34.47311273,10.012507,-12288.11984,24582.23968,10061.96419,10061.96419,-12581.19562,25164.39125,-582.1515645
g1,n10e4,constant,constant,n500,n100,rad10k,Change,t0t120,11487.73319,265.1078262,10.00180149,-18847.90973,37701.81946,10842.41837,10842.41837,-18879.15339,37760.30678,-58.48732574
g1,n10e4,constant,constant,n500,n100,rad10k,Change,all,11225.7828,5592.845657,48.08470884,-32101.37924,64208.75849,10786.52802,10786.52802,-32126.15071,64254.30142,-45.54293019
g1,n10e4,constant,constant,n500,n100,rad10k,Change,t0,10228.31771,36.43855872,10.07776945,-12130.27385,24266.5477,9962.804803,9962.804803,-12414.02712,24830.05424,-563.5065473
g1,n10e4,constant,constant,n500,n100,rad10k,Change,t0t120,11460.62547,306.558504,10.04360927,-18550.30512,37106.61024,10905.08255,10905.08255,-18574.9771,37151.95419,-45.3439564
g1,n10e4,constant,constant,n500,n100,rad10k,Change,all,11203.60859,9538.10593,11.34493553,-31639.23137,63284.46274,10835.13851,10835.13851,-31660.54279,63323.08558,-38.62283404
g1,n10e4,constant,constant,n500,n100,rad10k,Change,t0,10164.16479,34.16991852,10.00199135,-12170.04814,24346.09629,9889.51301,9889.51301,-12465.16922,24932.33843,-586.2421449
g1,n10e4,constant,constant,n500,n100,rad10k,Change,t0t120,11377.86729,296.1699737,10.00181591,-18665.09766,37336.19531,10788.01329,10788.01329,-18691.25735,37384.5147,-48.31938316
g1,n10e4,constant,constant,n500,n100,rad10k,Change,all,11241.51505,9755.677512,10.2064355,-32079.95457,64165.90913,10852.06479,10852.06479,-32100.48452,64202.96905,-37.05991591
g1,n10e4,constant,constant,n500,n100,rad10k,Change,t0,9857.727505,36.52013342,10.05592737,-11675.86451,23357.72903,9600.743651,9600.743651,-11949.6859,23901.3718,-543.6427673
g1,n10e4,constant,constant,n500,n100,rad10k,Change,t0t120,11000.82743,243.3593716,10.03268683,-17926.07959,35858.15919,10303.30213,10303.30213,-17959.75384,35921.50767,-63.34848701
g1,n10e4,constant,constant,n500,n100,rad10k,Change,all,10831.94188,8640.785886,16.025343,-30507.76456,61021.52912,10396.70533,10396.70533,-30529.9883,61061.9766,-40.44748586
g1,n10e4,constant,constant,n500,n100,rad50k,Change,t0,10064.30678,39.32112557,10.55249772,-60957.38518,121920.7704,9803.338677,9803.338677,-62378.0685,124758.137,-2837.366631
g1,n10e4,constant,constant,n500,n100,rad50k,Change,t0t120,11289.35499,287.4230632,10.30829749,-92907.16245,185820.3249,10667.2176,10667.2176,-93049.47644,186100.9529,-280.6279885
g1,n10e4,constant,constant,n500,n100,rad50k,Change,all,11048.75706,4779.658741,61.76457478,-159029.2008,318064.4016,10605.84208,10605.84208,-159143.9887,318289.9774,-225.5757648
g1,n10e4,constant,constant,n500,n100,rad50k,Change,t0,10232.03019,35.07831253,10.02200259,-61044.22868,122094.4574,9961.070292,9961.070292,-62499.23843,125000.4769,-2906.019495
g1,n10e4,constant,constant,n500,n100,rad50k,Change,t0t120,11372.09007,257.4640186,10.00400378,-93412.37434,186830.7487,10700.53462,10700.53462,-93574.28945,187150.5789,-319.8302069
g1,n10e4,constant,constant,n500,n100,rad50k,Change,all,11108.76713,6376.28798,39.86290378,-159329.9537,318665.9074,10683.2582,10683.2582,-159442.6238,318887.2476,-221.3401386
g1,n10e4,constant,constant,n500,n100,rad50k,Change,t0,10027.72394,36.62594487,10.14632594,-59942.51826,119891.0365,9762.983891,9762.983891,-61348.60407,122699.2081,-2808.171625
g1,n10e4,constant,constant,n500,n100,rad50k,Change,t0t120,11169.9816,244.7163627,10.29718128,-91576.91771,183159.8354,10450.99074,10450.99074,-91754.54186,183511.0837,-351.2483042
g1,n10e4,constant,constant,n500,n100,rad50k,Change,all,11016.15849,5670.062605,48.07028105,-156587.6381,313181.2761,10586.92328,10586.92328,-156698.7055,313399.411,-218.1348884
g1,n10e4,constant,constant,n500,n100,rad50k,Change,t0,10233.37159,35.86500512,10.03118211,-61162.409,122330.818,9966.402683,9966.402683,-62588.36975,125178.7395,-2847.921499
g1,n10e4,constant,constant,n500,n100,rad50k,Change,t0t120,11395.1957,262.6147092,10.00218882,-93575.27413,187156.5483,10738.36376,10738.36376,-93733.39344,187468.7869,-312.2386193
g1,n10e4,constant,constant,n500,n100,rad50k,Change,all,11155.23917,7596.459071,25.4150047,-159962.168,319930.3361,10694.84696,10694.84696,-160097.2584,320196.5168,-266.1807334
g1,n10e4,constant,constant,n500,n100,rad50k,Change,t0,10279.4892,35.04447536,10.11319339,-61048.03119,122102.0624,10003.49668,10003.49668,-62512.29525,125026.5905,-2924.528136
g1,n10e4,constant,constant,n500,n100,rad50k,Change,t0t120,11463.53276,268.4089397,10.00174994,-93370.68634,186747.3727,10828.33016,10828.33016,-93519.15311,187040.3062,-292.9335447
g1,n10e4,constant,constant,n500,n100,rad50k,Change,all,11260.27416,9673.134695,10.30668421,-159537.6451,319081.2902,10799.81681,10799.81681,-159658.2195,319318.4391,-237.1488333
g1,n10e4,constant,constant,n500,n100,wgs,Change,t0,10121.29432,36.55038029,10.07131302,-6125092.073,12250190.15,9858.871141,9858.871141,-6269037.646,12538077.29,-287887.1458
g1,n10e4,constant,constant,n500,n100,wgs,Change,t0t120,11332.68087,290.3143746,10.01003014,-9339781.355,18679568.71,10739.44936,10739.44936,-9353247.155,18706496.31,-26927.59952
g1,n10e4,constant,constant,n500,n100,wgs,Change,all,11060.18108,5691.441151,47.08142991,-15989206.77,31978419.53,10611.80431,10611.80431,-16001353.62,32002709.24,-24289.70685
g1,n10e4,constant,constant,n500,n100,wgs,Change,t0,10113.96754,36.54617705,10.0190174,-6120104.523,12240215.05,9852.293787,9852.293787,-6263474.868,12526951.74,-286736.6906
g1,n10e4,constant,constant,n500,n100,wgs,Change,t0t120,11267.36018,245.1185458,10.01946862,-9360041.22,18720088.44,10563.0898,10563.0898,-9377421.118,18754844.24,-34755.79663
g1,n10e4,constant,constant,n500,n100,wgs,Change,all,11049.84361,6970.579425,30.8191543,-15981425.7,31962857.4,10568.53639,10568.53639,-15995108.55,31990219.1,-27361.70036
g1,n10e4,constant,constant,n500,n100,wgs,Change,t0,10155.54821,36.62316805,10.03846752,-6149329.595,12298665.19,9893.559554,9893.559554,-6293401.734,12586805.47,-288140.2786
g1,n10e4,constant,constant,n500,n100,wgs,Change,t0t120,11324.0191,257.9189532,10.04173671,-9397338.427,18794682.85,10650.53536,10650.53536,-9413610.115,18827222.23,-32539.37537
g1,n10e4,constant,constant,n500,n100,wgs,Change,all,11077.3436,8082.70901,22.25139993,-16049136.39,32098278.78,10672.18938,10672.18938,-16060429.92,32120861.85,-22583.06447
g1,n10e4,constant,constant,n500,n100,wgs,Change,t0,10146.51422,36.72796045,10.07633319,-6130162.844,12260331.69,9888.992245,9888.992245,-6274620.093,12549242.19,-288910.4981
g1,n10e4,constant,constant,n500,n100,wgs,Change,t0t120,11333.70253,266.1336476,10.00751199,-9363522.096,18727050.19,10685.57963,10685.57963,-9378909.711,18757821.42,-30771.22873
g1,n10e4,constant,constant,n500,n100,wgs,Change,all,11103.47506,9516.500291,10.34437911,-16007394.56,32014795.13,10672.64969,10672.64969,-16020161.6,32040325.2,-25530.07101
g1,n10e4,constant,constant,n500,n100,wgs,Change,t0,10111.74258,36.61258724,10.10071536,-6116948.597,12233903.19,9850.031497,9850.031497,-6260763.448,12521528.9,-287625.7029
g1,n10e4,constant,constant,n500,n100,wgs,Change,t0t120,11302.82967,267.4891419,10.02414583,-9349049.684,18698105.37,10658.57906,10658.57906,-9364324.455,18728650.91,-30545.54223
g1,n10e4,constant,constant,n500,n100,wgs,Change,all,11080.1568,9308.890337,11.63110177,-15989264.43,31978534.85,10622.48648,10622.48648,-16002260.46,32004522.92,-25988.06115
g1,n10e4,constant,constant,n500,n200,rad10k,Change,t0,9916.811408,22.68579612,10.00221043,-13338.46557,26682.93114,9534.038541,9534.038541,-13913.7166,27829.43321,-1146.502067
g1,n10e4,constant,constant,n500,n200,rad10k,Change,t0t120,11917.60105,292.2462423,10.56983403,-21013.61198,42033.22397,10650.68944,10650.68944,-21066.68078,42135.36155,-102.1375829
g1,n10e4,constant,constant,n500,n200,rad10k,Change,all,11577.69326,6885.073908,41.15546162,-36434.6702,72875.34039,10768.84434,10768.84434,-36468.39531,72938.79061,-63.45022044
g1,n10e4,constant,constant,n500,n200,rad10k,Change,t0,10315.0658,22.48112672,10.00485887,-13865.03637,27736.07274,9918.518824,9918.518824,-14459.65059,28921.30118,-1185.22844
g1,n10e4,constant,constant,n500,n200,rad10k,Change,t0t120,12394.4969,327.3854797,10.06346362,-21731.07433,43468.14866,11309.24415,11309.24415,-21772.56044,43547.12087,-78.97220927
g1,n10e4,constant,constant,n500,n200,rad10k,Change,all,12070.00294,8036.024142,32.06998726,-37887.41043,75780.82085,11285.98828,11285.98828,-37920.30087,75842.60175,-61.78089351
g1,n10e4,constant,constant,n500,n200,rad10k,Change,t0,10344.24977,23.04382116,10.14219596,-14045.86398,28097.72796,9947.876194,9947.876194,-14648.15918,29298.31835,-1200.59039
g1,n10e4,constant,constant,n500,n200,rad10k,Change,t0t120,12326.35522,260.4240189,10.02487642,-22054.47557,44114.95114,10971.25228,10971.25228,-22114.76322,44231.52644,-116.5752984
g1,n10e4,constant,constant,n500,n200,rad10k,Change,all,11974.93432,5552.855343,65.29903095,-38263.2972,76532.59439,11156.82967,11156.82967,-38295.51919,76593.03839,-60.443995
g1,n10e4,constant,constant,n500,n200,rad10k,Change,t0,10442.92135,21.1941331,10.05407096,-14026.54129,28059.08257,10024.63205,10024.63205,-14642.47381,29286.94763,-1227.865057
g1,n10e4,constant,constant,n500,n200,rad10k,Change,t0t120,12415.61933,282.7571256,10.14710021,-22017.73102,44041.46205,11139.96507,11139.96507,-22071.26334,44144.52667,-103.0646246
g1,n10e4,constant,constant,n500,n200,rad10k,Change,all,12030.80229,6568.661377,49.85238502,-38462.7106,76931.4212,11255.52855,11255.52855,-38494.42013,76990.84026,-59.41905401
g1,n10e4,constant,constant,n500,n200,rad10k,Change,t0,10249.13016,22.01757472,10.0642078,-13948.6629,27903.32579,9845.10942,9845.10942,-14558.88172,29119.76344,-1216.437644
g1,n10e4,constant,constant,n500,n200,rad10k,Change,t0t120,12184.80838,275.6199558,10.79407173,-21798.36384,43602.72767,10808.38037,10808.38037,-21859.58545,43721.17089,-118.4432159
g1,n10e4,constant,constant,n500,n200,rad10k,Change,all,11994.0078,10465.15678,10.25916865,-38276.37337,76558.74673,11214.86621,11214.86621,-38311.4181,76624.8362,-66.08947295
g1,n10e4,constant,constant,n500,n200,rad50k,Change,t0,10367.13508,21.81251636,10.02236041,-69826.96836,139659.9367,9959.685793,9959.685793,-72889.97361,145781.9472,-6122.010499
g1,n10e4,constant,constant,n500,n200,rad50k,Change,t0t120,12393.72091,300.714645,10.27392209,-109789.3515,219584.703,11179.14329,11179.14329,-110039.6488,220081.2976,-496.5945878
g1,n10e4,constant,constant,n500,n200,rad50k,Change,all,12022.98869,6578.360609,51.24226233,-189993.7102,379993.4204,11279.13277,11279.13277,-190137.7134,380277.4268,-284.0064107
g1,n10e4,constant,constant,n500,n200,rad50k,Change,t0,10153.34122,23.27818517,10.11460904,-69755.20612,139516.4122,9765.029397,9765.029397,-72766.26382,145534.5276,-6018.115407
g1,n10e4,constant,constant,n500,n200,rad50k,Change,t0t120,12226.15024,292.9979967,10.00025179,-109217.8861,218441.7722,11017.60584,11017.60584,-109464.7842,218931.5684,-489.7962285
g1,n10e4,constant,constant,n500,n200,rad50k,Change,all,11797.99354,8601.639085,24.79240364,-189836.457,379678.914,11014.16891,11014.16891,-190005.5223,380013.0445,-334.1305603
g1,n10e4,constant,constant,n500,n200,rad50k,Change,t0,10324.62669,21.62482785,10.09333821,-69688.92062,139383.8412,9912.211697,9912.211697,-72763.45372,145528.9074,-6145.066194
g1,n10e4,constant,constant,n500,n200,rad50k,Change,t0t120,12342.24952,289.2841443,10.01533755,-109671.6449,219349.2899,11117.49145,11117.49145,-109924.6219,219851.2439,-501.9539772
g1,n10e4,constant,constant,n500,n200,rad50k,Change,all,11973.14314,8359.580765,27.90243792,-190476.4843,380958.9687,11173.02039,11173.02039,-190648.1629,381298.3257,-339.357067
g1,n10e4,constant,constant,n500,n200,rad50k,Change,t0,10112.31795,22.74233291,10.02841206,-68559.91838,137125.8368,9723.46193,9723.46193,-71518.5242,143039.0484,-5913.211653
g1,n10e4,constant,constant,n500,n200,rad50k,Change,t0t120,12089.86477,265.5658784,10.14358306,-107721.7744,215449.5488,10760.89263,10760.89263,-108010.883,216023.766,-574.2171329
g1,n10e4,constant,constant,n500,n200,rad50k,Change,all,11718.18327,8777.072994,21.72412591,-186773.4429,373552.8859,10873.82252,10873.82252,-186961.4385,373924.8769,-371.9910401
g1,n10e4,constant,constant,n500,n200,rad50k,Change,t0,10541.03506,141.7514856,51.83235378,-69600.61732,139207.2346,9902.7767,9902.7767,-72631.45726,145264.9145,-6057.679892
g1,n10e4,constant,constant,n500,n200,rad50k,Change,t0t120,12321.15259,278.5882749,10.00294076,-109712.6832,219431.3665,11050.7624,11050.7624,-109980.7207,219963.4413,-532.0748578
g1,n10e4,constant,constant,n500,n200,rad50k,Change,all,11884.5207,9590.262,16.38778849,-190539.0194,381084.0388,11103.80089,11103.80089,-190716.4743,381434.9486,-350.9097177
g1,n10e4,constant,constant,n500,n20,wgs,Change,t0,9980.050898,10162.24026,61.47044656,-3389863.434,6779732.867,9980.696872,9980.696872,-3389863.474,6779728.948,3.91961326
g1,n10e4,constant,constant,n500,n20,wgs,Change,t0t120,9991.829609,7370.972808,68.38627737,-5120162.916,10240331.83,9982.882976,9982.882976,-5120177.867,10240357.73,-25.9036033
g1,n10e4,constant,constant,n500,n20,wgs,Change,all,9994.031019,9982.184633,49.42128667,-8477195.746,16954397.49,9993.774718,9993.774718,-8477195.753,16954393.51,3.9854495
g1,n10e4,constant,constant,n500,n20,wgs,Change,t0,9961.685033,7886.091428,61.46665403,-3382593.687,6765193.374,9958.121016,9958.121016,-3382596.341,6765194.683,-1.30940086
g1,n10e4,constant,constant,n500,n20,wgs,Change,t0t120,9954.160368,8327.678541,68.37477285,-5104782.301,10209570.6,9949.133697,9949.133697,-5104786.851,10209575.7,-5.099034
g1,n10e4,constant,constant,n500,n20,wgs,Change,all,9955.477618,9215.455697,49.39978212,-8446813.38,16893632.76,9952.54586,9952.54586,-8446814.563,16893631.13,1.6339361
g1,n10e4,constant,constant,n500,n20,wgs,Change,t0,9954.264803,8293.377853,61.46825925,-3376217.678,6752441.357,9951.565802,9951.565802,-3376219.243,6752440.486,0.87094757
g1,n10e4,constant,constant,n500,n20,wgs,Change,t0t120,9948.812879,8400.45523,68.37548818,-5098839.41,10197684.82,9944.096147,9944.096147,-5098843.366,10197688.73,-3.9124856
g1,n10e4,constant,constant,n500,n20,wgs,Change,all,9950.053165,10316.02059,49.42461345,-8438227.459,16876460.92,9951.762596,9951.762596,-8438228.865,16876459.73,1.187739301
g1,n10e4,constant,constant,n500,n20,wgs,Change,t0,9950.580214,12225.43536,61.47596357,-3384745.184,6769496.369,9956.084649,9956.084649,-3384748.166,6769498.333,-1.96385364
g1,n10e4,constant,constant,n500,n20,wgs,Change,t0t120,9955.280203,37493.81157,67.53103246,-5097582.8,10195171.6,9978.601662,9978.601662,-5097686.601,10195375.2,-203.6022471
g1,n10e4,constant,constant,n500,n20,wgs,Change,all,9949.313024,12505.41163,49.40539167,-8446076.409,16892158.82,9957.429996,9957.429996,-8446097.839,16892197.68,-38.8615176
g1,n10e4,constant,constant,n500,n20,wgs,Change,t0,9990.795873,12737.07629,61.47670942,-3387950.285,6775906.571,9994.245761,9994.245761,-3387956.02,6775914.04,-7.469004299
g1,n10e4,constant,constant,n500,n20,wgs,Change,t0t120,9997.020409,15634.82553,67.6235995,-5113384.501,10226775,10007.16153,10007.16153,-5113404.008,10226810.02,-35.013191
g1,n10e4,constant,constant,n500,n20,wgs,Change,all,9993.219651,11658.02925,49.42152646,-8467920.986,16935847.97,9997.237249,9997.237249,-8467928.829,16935859.66,-11.685335
g1,n10e4,constant,constant,n500,n50,rad10k,Change,t0,10055.79803,13723.23424,91.24598794,-10334.57463,20675.14927,10061.93153,10061.93153,-10334.77273,20671.54546,3.603803916
g1,n10e4,constant,constant,n500,n50,rad10k,Change,t0t120,10105.7019,16208.89498,86.30722145,-15463.23698,30932.47397,10164.9658,10164.9658,-15463.68662,30929.37324,3.100723699
g1,n10e4,constant,constant,n500,n50,rad10k,Change,all,10082.78147,8205.637231,46.46854003,-25594.26035,51194.52069,10047.88644,10047.88644,-25594.7043,51191.40859,3.112096219
g1,n10e4,constant,constant,n500,n50,rad10k,Change,t0,10113.17413,14594.71401,90.55668109,-10484.82243,20975.64486,10120.39761,10120.39761,-10485.06759,20972.13519,3.509670483
g1,n10e4,constant,constant,n500,n50,rad10k,Change,t0t120,9974.756572,14129.29071,86.2112441,-15524.37605,31054.7521,10022.67492,10022.67492,-15524.64824,31051.29648,3.455613522
g1,n10e4,constant,constant,n500,n50,rad10k,Change,all,10105.08622,16095.99101,46.35435074,-26024.57583,52055.15166,10160.01016,10160.01016,-26025.58387,52053.16775,1.983912368
g1,n10e4,constant,constant,n500,n50,rad10k,Change,t0,9974.604389,6051.003002,90.83611969,-10370.34064,20746.68128,9959.324792,9959.324792,-10371.12535,20744.25069,2.43058603
g1,n10e4,constant,constant,n500,n50,rad10k,Change,t0t120,10026.14179,11539.41746,86.23537035,-15527.6626,31061.3252,10046.67179,10046.67179,-15527.71164,31057.42327,3.901932552
g1,n10e4,constant,constant,n500,n50,rad10k,Change,all,10076.26879,10988.26297,11.09584023,-26012.40404,52030.80807,10124.55404,10124.55404,-26013.02443,52028.04886,2.759213151
g1,n10e4,constant,constant,n500,n50,rad10k,Change,t0,10167.77382,8095.480836,102.507366,-10477.20248,20960.40495,10161.03315,10161.03315,-10477.37455,20956.7491,3.655855472
g1,n10e4,constant,constant,n500,n50,rad10k,Change,t0t120,10142.03713,13304.12318,86.27157891,-15625.45385,31256.9077,10178.53868,10178.53868,-15625.61859,31253.23718,3.670525493
g1,n10e4,constant,constant,n500,n50,rad10k,Change,all,10150.65408,9564.442992,14.37258369,-26249.83214,52505.66429,10106.63369,10106.63369,-26250.2355,52502.47101,3.193280108
g1,n10e4,constant,constant,n500,n50,rad10k,Change,t0,9695.195092,1705584.509,19.48869325,-9980.294386,19966.58877,9703.606535,9703.606535,-9980.691417,19963.38283,3.205937217
g1,n10e4,constant,constant,n500,n50,rad10k,Change,t0t120,9712.235832,67025.11502,32.33070295,-14879.87466,29765.74931,9776.481715,9776.481715,-14880.32743,29762.65486,3.094449058
g1,n10e4,constant,constant,n500,n50,rad10k,Change,all,9736.62677,18809.98595,105.0706323,-24798.85319,49603.70638,9779.923091,9779.923091,-24799.47672,49600.95343,2.752947952
g1,n10e4,constant,constant,n500,n50,rad50k,Change,t0,9903.082804,12223.776,90.92272372,-51897.80823,103801.6165,9908.057083,9908.057083,-51898.28248,103798.565,3.051491208
g1,n10e4,constant,constant,n500,n50,rad50k,Change,t0t120,9909.921483,10102.8955,85.32710826,-77478.73474,154963.4695,9911.697974,9911.697974,-77478.73491,154959.4698,3.999676345
g1,n10e4,constant,constant,n500,n50,rad50k,Change,all,9885.738374,9341.910856,46.55513745,-129335.1434,258676.2868,9878.389083,9878.389083,-129335.2702,258672.5405,3.746326883
g1,n10e4,constant,constant,n500,n50,rad50k,Change,t0,10051.21147,10446.88727,90.83677461,-52025.86565,104057.7313,10052.15782,10052.15782,-52025.88253,104053.7651,3.96623383
g1,n10e4,constant,constant,n500,n50,rad50k,Change,t0t120,10027.92136,7876.879022,86.25534068,-77649.91172,155305.8234,9987.847767,9987.847767,-77650.755,155303.51,2.313459658
g1,n10e4,constant,constant,n500,n50,rad50k,Change,all,10056.68674,12819.5715,46.370955,-129614.6971,259235.3942,10088.40046,10088.40046,-129616.5159,259235.0317,0.362447855
g1,n10e4,constant,constant,n500,n50,rad50k,Change,t0,10105.79203,8001.393451,90.7921242,-51947.3795,103900.759,10100.54369,10100.54369,-51948.04773,103898.0955,2.663545577
g1,n10e4,constant,constant,n500,n50,rad50k,Change,t0t120,10182.53943,9927.363481,86.31566692,-77620.17153,155246.3431,10178.72568,10178.72568,-77620.17734,155242.3547,3.988383139
g1,n10e4,constant,constant,n500,n50,rad50k,Change,all,10134.07539,10355.66352,46.43459068,-129872.7096,259751.4192,10137.56887,10137.56887,-129872.7273,259747.4547,3.964496432
g1,n10e4,constant,constant,n500,n50,rad50k,Change,t0,9865.837715,12144.57232,90.85112412,-51064.67488,102135.3498,9870.442006,9870.442006,-51065.11835,102132.2367,3.113059096
g1,n10e4,constant,constant,n500,n50,rad50k,Change,t0t120,9873.796267,12894.41767,85.45698388,-76289.32716,152584.6543,9911.139078,9911.139078,-76290.08787,152582.1757,2.478591002
g1,n10e4,constant,constant,n500,n50,rad50k,Change,all,9929.345191,10694.18297,12.28037069,-127374.0176,254754.0352,9962.593152,9962.593152,-127376.0177,254754.0353,-5.92E-05
g1,n10e4,constant,constant,n500,n50,rad50k,Change,t0,10090.44667,8525.682565,19.1319868,-52208.81039,104423.6208,10089.6407,10089.6407,-52208.82765,104419.6553,3.965476312
g1,n10e4,constant,constant,n500,n50,rad50k,Change,t0t120,10081.581,10742.77767,34.61196523,-77556.93989,155119.8798,10085.31453,10085.31453,-77556.94803,155115.8961,3.983710898
g1,n10e4,constant,constant,n500,n50,rad50k,Change,all,10079.24679,9897.295413,11.16211672,-129967.3959,259940.7918,10066.54557,10066.54557,-129967.6238,259937.2477,3.544169986
g1,n10e4,constant,constant,n500,n50,wgs,Change,t0,9991.166022,10628.08508,61.27164812,-5220847.419,10441700.84,9991.520293,9991.520293,-5220849.911,10441701.82,-0.984764202
g1,n10e4,constant,constant,n500,n50,wgs,Change,t0t120,10003.38976,12696.7266,68.57195719,-7783510.912,15567027.82,10030.29718,10030.29718,-7783556.323,15567114.65,-86.8236089
g1,n10e4,constant,constant,n500,n50,wgs,Change,all,9999.838172,10028.76348,48.93075264,-13020593.28,26041192.56,10000.39588,10000.39588,-13020593.32,26041188.64,3.920269299
g1,n10e4,constant,constant,n500,n50,wgs,Change,t0,9961.611101,10752.68172,61.26849886,-5216953.643,10433913.29,9962.141989,9962.141989,-5216957.378,10433916.76,-3.468904201
g1,n10e4,constant,constant,n500,n50,wgs,Change,t0t120,9969.008881,11760.98528,68.56369372,-7777535.576,15555077.15,9988.168185,9988.168185,-7777558.659,15555119.32,-42.1658822
g1,n10e4,constant,constant,n500,n50,wgs,Change,all,9951.495926,9361.727965,48.97840918,-13007935.2,26015876.4,9941.887853,9941.887853,-13007950.16,26015902.32,-25.9143345
g1,n10e4,constant,constant,n500,n50,wgs,Change,t0,9953.828983,10819.15038,61.26913564,-5208039.626,10416085.25,9954.502817,9954.502817,-5208043.975,10416089.95,-4.6980727
g1,n10e4,constant,constant,n500,n50,wgs,Change,t0t120,9936.617189,8232.879676,68.54604046,-7782267.797,15564541.59,9911.888453,9911.888453,-7782299.674,15564601.35,-59.7527663
g1,n10e4,constant,constant,n500,n50,wgs,Change,all,9941.534474,9282.49183,48.95653073,-12999035.61,25998077.23,9930.730681,9930.730681,-12999054.7,25998111.4,-34.1727634
g1,n10e4,constant,constant,n500,n50,wgs,Change,t0,9952.250134,10323.49578,61.27838391,-5209028.41,10418062.82,9952.266972,9952.266972,-5209029.383,10418060.77,2.053912301
g1,n10e4,constant,constant,n500,n50,wgs,Change,t0t120,9963.632312,11217.72697,68.55809397,-7782570.39,15565146.78,9977.593772,9977.593772,-7782582.804,15565167.61,-20.8285746
g1,n10e4,constant,constant,n500,n50,wgs,Change,all,9964.291033,12391.00005,98.81528531,-13001588.44,26003182.88,9976.524163,9976.524163,-13001608.21,26003218.42,-35.5338917
g1,n10e4,constant,constant,n500,n50,wgs,Change,t0,9992.020778,10475.16812,61.27038864,-5232425.559,10464857.12,9992.221465,9992.221465,-5232427.087,10464856.17,0.942309
g1,n10e4,constant,constant,n500,n50,wgs,Change,t0t120,9983.954846,9910.487068,68.54973419,-7812185.554,15624377.11,9983.056632,9983.056632,-7812185.531,15624373.06,4.046584198
g1,n10e4,constant,constant,n500,n50,wgs,Change,all,9987.14364,10346.42372,16.00985615,-13044004.38,26088014.75,10000.19167,10000.19167,-13044038.34,26088078.68,-63.9306763
g1,n10e4,td100,l99,n500,n100,rad10k,Change,t0,10056.57364,32.00653743,10.05934632,-11952.61584,23911.23168,9768.782673,9768.782673,-12255.98625,24513.97251,-602.7408289
g1,n10e4,td100,l99,n500,n100,rad10k,Change,t0t120,10872.42639,132.1568265,10.00243076,-18653.95757,37313.91514,9541.316035,9541.316035,-18741.17877,37484.35755,-170.4424076
g1,n10e4,td100,l99,n500,n100,rad10k,Change,all,10918.93487,4614.567338,47.07762486,-31751.23809,63508.47619,10211.11923,10211.11923,-31803.86105,63609.7221,-101.2459153
g1,n10e4,td100,l99,n500,n100,rad10k,Change,t0,9771.707169,35.30113619,10.90366891,-11707.0816,23420.16319,9472.946106,9472.946106,-12011.12198,24024.24396,-604.08077
g1,n10e4,td100,l99,n500,n100,rad10k,Change,t0t120,10648.44299,128.9575407,11.03195122,-18500.10073,37006.20146,9134.729635,9134.729635,-18601.99873,37205.99745,-199.7959989
g1,n10e4,td100,l99,n500,n100,rad10k,Change,all,10670.82925,2643.023175,77.13988734,-31583.61217,63173.22433,9854.811458,9854.811458,-31646.67802,63295.35604,-122.1317105
g1,n10e4,td100,l99,n500,n100,rad10k,Change,t0,9929.464009,35.44343848,10.84281596,-11793.65251,23593.30501,9628.550471,9628.550471,-12096.35996,24194.71993,-601.414918
g1,n10e4,td100,l99,n500,n100,rad10k,Change,t0t120,10750.96706,135.3606526,11.61135895,-18370.69233,36747.38467,9229.182547,9229.182547,-18472.98272,36947.96544,-200.5807724
g1,n10e4,td100,l99,n500,n100,rad10k,Change,all,10680.86921,3551.444035,55.98147442,-31085.74606,62177.49212,9794.330553,9794.330553,-31158.01706,62318.03413,-140.54201
g1,n10e4,td100,l99,n500,n100,rad10k,Change,t0,10481.58391,33.59455295,11.04146016,-12271.43095,24548.8619,10153.54627,10153.54627,-12596.31504,25194.63009,-645.7681874
g1,n10e4,td100,l99,n500,n100,rad10k,Change,t0t120,11194.65413,145.6378617,12.51765656,-19294.87978,38595.75955,9623.709373,9623.709373,-19406.89891,38815.79782,-220.0382728
g1,n10e4,td100,l99,n500,n100,rad10k,Change,all,11137.06957,1835.120235,91.20591064,-32825.39176,65656.78351,10201.18121,10201.18121,-32914.24598,65830.49195,-173.7084412
g1,n10e4,td100,l99,n500,n100,rad10k,Change,t0,9488.760934,33.85725338,10.03421985,-11344.30721,22694.61442,9218.257407,9218.257407,-11630.538,23263.07599,-568.4615716
g1,n10e4,td100,l99,n500,n100,rad10k,Change,t0t120,10357.3981,144.3015146,10.00194165,-17714.34874,35434.69748,9172.563853,9172.563853,-17787.29835,35576.59671,-141.8992342
g1,n10e4,td100,l99,n500,n100,rad10k,Change,all,10318.00162,2685.330263,73.07342716,-30378.94234,60763.88469,9487.732692,9487.732692,-30443.37186,60888.74372,-124.8590327
g1,n10e4,td100,l99,n500,n100,rad50k,Change,t0,9968.181768,35.68488384,11.00648936,-59187.36569,118380.7314,9663.095819,9663.095819,-60698.98226,121399.9645,-3019.233139
g1,n10e4,td100,l99,n500,n100,rad50k,Change,t0t120,10778.70186,119.0730651,10.00078532,-92778.37599,185562.752,9335.190652,9335.190652,-93268.91938,186539.8388,-977.0867926
g1,n10e4,td100,l99,n500,n100,rad50k,Change,all,10783.1655,3659.889102,57.04748374,-157454.2625,314914.525,10015.80634,10015.80634,-157759.1767,315520.3534,-605.8283929
g1,n10e4,td100,l99,n500,n100,rad50k,Change,t0,9913.009588,35.30662842,10.72597665,-59124.97149,118255.943,9627.864324,9627.864324,-60610.23037,121222.4607,-2966.517751
g1,n10e4,td100,l99,n500,n100,rad50k,Change,t0t120,10711.86243,125.014727,10.50022563,-92558.62727,185123.2545,9247.656565,9247.656565,-93057.22558,186116.4512,-993.1966182
g1,n10e4,td100,l99,n500,n100,rad50k,Change,all,10756.52108,2211.299607,88.72166773,-157516.5056,315039.0112,9921.691321,9921.691321,-157843.587,315689.1739,-650.1626922
g1,n10e4,td100,l99,n500,n100,rad50k,Change,t0,10156.11607,35.46754812,10.96476215,-59746.40937,119498.8187,9846.134768,9846.134768,-61260.65495,122523.3099,-3024.491153
g1,n10e4,td100,l99,n500,n100,rad50k,Change,t0t120,10926.76656,126.5219609,10.22580982,-93291.37801,186588.756,9527.994763,9527.994763,-93766.43722,187534.8744,-946.1184151
g1,n10e4,td100,l99,n500,n100,rad50k,Change,all,10998.05781,3364.507081,62.98285119,-159080.63,318167.2599,10233.45001,10233.45001,-159380.4479,318762.8959,-595.6359256
g1,n10e4,td100,l99,n500,n100,rad50k,Change,t0,10227.84366,29.08285023,10.0197215,-59937.0479,119880.0958,9915.679141,9915.679141,-61529.48068,123060.9614,-3180.865564
g1,n10e4,td100,l99,n500,n100,rad50k,Change,t0t120,10992.62657,110.1380281,10.05808945,-94372.615,188751.23,9424.272218,9424.272218,-94932.11656,189866.2331,-1115.003131
g1,n10e4,td100,l99,n500,n100,rad50k,Change,all,11040.93078,3003.736117,70.30231798,-160265.3678,320536.7355,10272.44253,10272.44253,-160568.2857,321138.5714,-601.8358345
g1,n10e4,td100,l99,n500,n100,rad50k,Change,t0,10208.5393,30.50156705,10.03677556,-60533.16248,121072.325,9907.15322,9907.15322,-62120.76114,124243.5223,-3171.197321
g1,n10e4,td100,l99,n500,n100,rad50k,Change,t0t120,10995.44792,120.2533345,10.04051427,-94936.17357,189878.3471,9533.933753,9533.933753,-95439.98913,190881.9783,-1003.631114
g1,n10e4,td100,l99,n500,n100,rad50k,Change,all,11035.55399,2661.22683,78.2395096,-161316.4014,322638.8027,10248.96101,10248.96101,-161621.8334,323245.6668,-606.8641031
g1,n10e4,td100,l99,n500,n100,wgs,Change,t0,10192.01612,31.51576098,10.13249313,-6056489.98,12112985.96,9891.251397,9891.251397,-6212302.747,12424607.49,-311621.5343
g1,n10e4,td100,l99,n500,n100,wgs,Change,t0t120,11040.77508,993.5913192,60.824139,-9474074.56,18948155.12,9483.944412,9483.944412,-9522564.471,19045130.94,-96975.82272
g1,n10e4,td100,l99,n500,n100,wgs,Change,all,10998.1164,3098.452474,66.84383587,-16134915.58,32269837.16,10203.18061,10203.18061,-16167056.64,32334115.27,-64278.10933
g1,n10e4,td100,l99,n500,n100,wgs,Change,t0,10159.34067,31.42305473,10.00195677,-6051288.222,12102582.44,9863.720878,9863.720878,-6206285.626,12412573.25,-309990.8079
g1,n10e4,td100,l99,n500,n100,wgs,Change,t0t120,10977.20312,979.3987254,58.55679651,-9451812.687,18903631.37,9500.582245,9500.582245,-9498695.146,18997392.29,-93760.91784
g1,n10e4,td100,l99,n500,n100,wgs,Change,all,10972.64769,3022.854289,72.61809159,-16078115.21,32156236.41,10242.4208,10242.4208,-16105579.78,32211161.57,-54925.15305
g1,n10e4,td100,l99,n500,n100,wgs,Change,t0,10154.22161,31.39284477,10.00186578,-6042659.324,12085324.65,9858.783511,9858.783511,-6197695.132,12395392.26,-310067.6147
g1,n10e4,td100,l99,n500,n100,wgs,Change,t0t120,10929.19296,117.5875582,10.02639037,-9448584.536,18897175.07,9476.633516,9476.633516,-9499567.418,18999136.84,-101961.7645
g1,n10e4,td100,l99,n500,n100,wgs,Change,all,10977.43014,2842.720856,72.34478599,-16088593.87,32177193.75,10173.75809,10173.75809,-16120700.1,32241402.19,-64208.44125
g1,n10e4,td100,l99,n500,n100,wgs,Change,t0,10178.42659,31.22201935,10.00587459,-6062341.321,12124688.64,9884.801703,9884.801703,-6218361.468,12436724.94,-312036.294
g1,n10e4,td100,l99,n500,n100,wgs,Change,t0t120,10966.30589,139.2899335,11.47961985,-9476973.285,18953952.57,9495.663567,9495.663567,-9527880.889,19055763.78,-101811.2094
g1,n10e4,td100,l99,n500,n100,wgs,Change,all,10995.41292,2272.643039,87.51835025,-16135928.57,32271863.15,10189.13408,10189.13408,-16168373.77,32336749.54,-64886.39408
g1,n10e4,td100,l99,n500,n100,wgs,Change,t0,10157.42893,31.38900242,10.00335156,-6045006.359,12090018.72,9865.293218,9865.293218,-6200121.792,12400245.58,-310226.866
g1,n10e4,td100,l99,n500,n100,wgs,Change,t0t120,11010.45111,986.1787499,60.24618763,-9454600.988,18909207.98,9466.126146,9466.126146,-9502899.738,19005801.48,-96593.49951
g1,n10e4,td100,l99,n500,n100,wgs,Change,all,10978.01112,2728.859072,76.46157881,-16105387.61,32210781.22,10204.83756,10204.83756,-16135806.5,32271615.01,-60833.78661
g1,n10e4,td100,l99,n500,n200,rad10k,Change,t0,9811.893873,21.8663888,10.15837345,-13442.46978,26890.93956,9414.295807,9414.295807,-14049.8222,28101.6444,-1210.70484
g1,n10e4,td100,l99,n500,n200,rad10k,Change,t0t120,11323.93044,112.959756,10.06076224,-21761.14761,43528.29523,8323.628304,8323.628304,-21953.67122,43909.34244,-381.0472112
g1,n10e4,td100,l99,n500,n200,rad10k,Change,all,11441.59879,2943.526373,74.41675132,-37668.801,75343.60201,9548.004997,9548.004997,-37795.80456,75593.60911,-250.0071043
g1,n10e4,td100,l99,n500,n200,rad10k,Change,t0,9548.537547,25.15941193,10.60798174,-13129.24146,26264.48293,9176.058224,9176.058224,-13698.25009,27398.50017,-1134.017247
g1,n10e4,td100,l99,n500,n200,rad10k,Change,t0t120,11045.36616,134.5043766,10.42553141,-20932.00367,41870.00735,8438.63525,8438.63525,-21089.26829,42180.53657,-310.5292286
g1,n10e4,td100,l99,n500,n200,rad10k,Change,all,11092.03696,3514.528908,65.79001662,-36385.87677,72777.75354,9461.41789,9461.41789,-36489.13741,72980.27481,-202.5212711
g1,n10e4,td100,l99,n500,n200,rad10k,Change,t0,10135.70321,21.79215302,10.01060117,-13754.12608,27514.25215,9735.318383,9735.318383,-14357.79332,28717.58664,-1203.334492
g1,n10e4,td100,l99,n500,n200,rad10k,Change,t0t120,11578.4256,117.4245919,10.00129624,-22069.00989,44144.01979,8660.279641,8660.279641,-22253.80639,44509.61278,-365.5929915
g1,n10e4,td100,l99,n500,n200,rad10k,Change,all,11577.89265,3085.920947,74.41126339,-38042.27776,76090.55552,9811.884879,9811.884879,-38156.9111,76315.82219,-225.2666742
g1,n10e4,td100,l99,n500,n200,rad10k,Change,t0,10535.97107,22.18065042,10.69293023,-14091.94425,28189.8885,10101.39791,10101.39791,-14724.75848,29451.51695,-1261.628453
g1,n10e4,td100,l99,n500,n200,rad10k,Change,t0t120,11907.79022,111.2046073,10.02723213,-22752.70136,45511.40272,8764.775603,8764.775603,-22959.19356,45920.38711,-408.9843859
g1,n10e4,td100,l99,n500,n200,rad10k,Change,all,11986.85689,2181.126807,91.69695031,-39310.75181,78627.50363,9937.358937,9937.358937,-39463.57549,78929.15099,-301.6473559
g1,n10e4,td100,l99,n500,n200,rad10k,Change,t0,10011.90029,21.842703,10.03825341,-13560.20669,27126.41338,9612.892497,9612.892497,-14162.3434,28326.68679,-1200.273417
g1,n10e4,td100,l99,n500,n200,rad10k,Change,t0t120,11353.84412,114.4854927,10.05820799,-21648.42669,43302.85337,8383.212823,8383.212823,-21839.1037,43680.2074,-377.3540315
g1,n10e4,td100,l99,n500,n200,rad10k,Change,all,11392.18729,3636.343954,60.28328537,-37353.70037,74713.40073,9405.600899,9405.600899,-37486.89969,74975.79937,-262.3986381
g1,n10e4,td100,l99,n500,n200,rad50k,Change,t0,10294.46784,22.37234367,10.69314001,-69652.49523,139310.9905,9869.30426,9869.30426,-72793.79096,145589.5819,-6278.591465
g1,n10e4,td100,l99,n500,n200,rad50k,Change,t0t120,11701.62522,117.0735508,10.05135254,-111860.1047,223726.2093,8704.424982,8704.424982,-112818.9173,225639.8346,-1913.62527
g1,n10e4,td100,l99,n500,n200,rad50k,Change,all,11695.60728,3327.314285,71.78272009,-193401.1689,386808.3377,10006.18659,10006.18659,-193942.8051,387887.6102,-1079.272499
g1,n10e4,td100,l99,n500,n200,rad50k,Change,t0,10042.87678,23.01423219,10.76418108,-67985.26333,135976.5267,9629.536985,9629.536985,-71038.23882,142078.4776,-6101.950978
g1,n10e4,td100,l99,n500,n200,rad50k,Change,t0t120,11461.15458,115.8223485,10.02277535,-109658.8255,219323.651,8500.04105,8500.04105,-110601.7584,221205.5168,-1881.865732
g1,n10e4,td100,l99,n500,n200,rad50k,Change,all,11515.05542,3196.437187,71.66436899,-189022.6825,378051.365,9773.72816,9773.72816,-189593.4139,379188.8277,-1137.462689
g1,n10e4,td100,l99,n500,n200,rad50k,Change,t0,10212.37139,21.54955648,10.02749739,-68716.06988,137438.1398,9802.405342,9802.405342,-71752.09129,143506.1826,-6068.042824
g1,n10e4,td100,l99,n500,n200,rad50k,Change,t0t120,11639.21676,122.3059723,10.1955043,-110340.8007,220687.6014,8720.970327,8720.970327,-111260.2389,222522.4778,-1834.876393
g1,n10e4,td100,l99,n500,n200,rad50k,Change,all,11703.77717,3457.062386,68.26310433,-189924.8966,379855.7931,10036.67035,10036.67035,-190466.8749,380935.7498,-1079.956634
g1,n10e4,td100,l99,n500,n200,rad50k,Change,t0,10319.16065,20.63929991,10.40320878,-68842.59838,137691.1968,9869.607493,9869.607493,-71971.35849,143944.717,-6253.520205
g1,n10e4,td100,l99,n500,n200,rad50k,Change,t0t120,11690.13677,113.6055534,10.03955886,-110938.6343,221883.2686,8650.279645,8650.279645,-111918.7721,223839.5442,-1956.275568
g1,n10e4,td100,l99,n500,n200,rad50k,Change,all,11706.05436,3028.269219,74.14739485,-191607.3946,383220.7892,9879.605412,9879.605412,-192222.2381,384446.4763,-1225.687108
g1,n10e4,td100,l99,n500,n200,rad50k,Change,t0,10002.72043,23.8228844,10.69605305,-68190.03047,136386.0609,9600.515337,9600.515337,-71196.47789,142394.9558,-6008.894845
g1,n10e4,td100,l99,n500,n200,rad50k,Change,t0t120,11436.51769,117.3482335,10.00118423,-109055.7649,218117.5298,8534.803307,8534.803307,-109970.995,219943.9899,-1826.46015
g1,n10e4,td100,l99,n500,n200,rad50k,Change,all,11484.4046,2527.490553,88.43513985,-189206.2652,378418.5304,9722.322732,9722.322732,-189788.9723,379579.9445,-1161.41417
g1,n10e4,td100,l99,n500,n20,wgs,Change,t0,9985.941539,366.2192476,13.65680579,-3345539.252,6691084.504,9938.573027,9938.573027,-3346383.126,6692768.251,-1683.747555
g1,n10e4,td100,l99,n500,n20,wgs,Change,t0t120,9983.936493,2645.126799,85.43413495,-5120927.335,10241860.67,9911.766008,9911.766008,-5121847.242,10243696.48,-1835.813064
g1,n10e4,td100,l99,n500,n20,wgs,Change,all,9984.101184,5898.329486,48.35031839,-8476476.526,16952959.05,9956.868193,9956.868193,-8476779.378,16953560.76,-601.7022881
g1,n10e4,td100,l99,n500,n20,wgs,Change,t0,9995.732514,351.7965555,13.65957913,-3349809.225,6699624.449,9946.788284,9946.788284,-3350685.728,6701373.456,-1749.006671
g1,n10e4,td100,l99,n500,n20,wgs,Change,t0t120,10004.05955,2165.209502,85.27644504,-5137836.822,10275679.64,9913.567823,9913.567823,-5139263.831,10278529.66,-2850.01732
g1,n10e4,td100,l99,n500,n20,wgs,Change,all,9990.432208,5526.868308,48.35809004,-8490746.199,16981498.4,9955.237476,9955.237476,-8491189.155,16982380.31,-881.9133507
g1,n10e4,td100,l99,n500,n20,wgs,Change,t0,10012.14528,343.1996615,13.66163348,-3353948.847,6707903.695,9962.084139,9962.084139,-3354866.184,6709734.369,-1830.674339
g1,n10e4,td100,l99,n500,n20,wgs,Change,t0t120,10011.92268,2619.340117,85.23130597,-5134580.225,10269166.45,9939.098633,9939.098633,-5135522.058,10271046.12,-1879.666582
g1,n10e4,td100,l99,n500,n20,wgs,Change,all,10028.8132,6602.376075,48.35619572,-8466752.847,16933511.69,10006.30581,10006.30581,-8466928.549,16933859.1,-347.4034549
g1,n10e4,td100,l99,n500,n20,wgs,Change,t0,9978.718399,366.4566466,13.65797711,-3346687.804,6693381.608,9931.442856,9931.442856,-3347519.695,6695041.39,-1659.782013
g1,n10e4,td100,l99,n500,n20,wgs,Change,t0t120,9983.276604,2140.369994,85.50281656,-5124168.274,10248342.55,9891.419736,9891.419736,-5125611.746,10251225.49,-2882.943914
g1,n10e4,td100,l99,n500,n20,wgs,Change,all,9994.150122,6703.735613,48.35900723,-8464616.414,16929238.83,9972.741636,9972.741636,-8464773.878,16929549.76,-310.9263494
g1,n10e4,td100,l99,n500,n20,wgs,Change,t0,9979.251989,336.4372056,13.66418867,-3341549.87,6683105.739,9928.431018,9928.431018,-3342502.182,6685006.364,-1900.624947
g1,n10e4,td100,l99,n500,n20,wgs,Change,t0t120,9990.518136,2341.516099,85.26894899,-5124124.218,10248254.44,9907.885092,9907.885092,-5125314.571,10250631.14,-2376.705864
g1,n10e4,td100,l99,n500,n20,wgs,Change,all,9993.227409,4631.897897,79.32048173,-8463201.489,16926408.98,9964.436618,9964.436618,-8463483.52,16926969.04,-560.0619407
g1,n10e4,td100,l99,n500,n50,rad10k,Change,t0,9602.12192,1924.33599,67.45625805,-9893.954852,19793.9097,9547.574663,9547.574663,-9903.279103,19808.55821,-14.6485016
g1,n10e4,td100,l99,n500,n50,rad10k,Change,t0t120,9641.323058,477.6264609,19.7760638,-15182.82245,30371.64491,9239.221154,9239.221154,-15197.47304,30396.94608,-25.30117352
g1,n10e4,td100,l99,n500,n50,rad10k,Change,all,9614.586834,6373.304459,46.76046277,-25342.19885,50690.3977,9522.077675,9522.077675,-25344.57011,50691.14021,-0.742509493
g1,n10e4,td100,l99,n500,n50,rad10k,Change,t0,9915.906135,2527.278232,67.44383904,-10156.19049,20318.38098,9875.652665,9875.652665,-10161.84788,20325.69576,-7.314779956
g1,n10e4,td100,l99,n500,n50,rad10k,Change,t0t120,9892.611593,710.4729274,19.47262289,-15440.20534,30886.41068,9614.124035,9614.124035,-15447.71151,30897.42301,-11.01232903
g1,n10e4,td100,l99,n500,n50,rad10k,Change,all,9797.972846,5585.088548,83.11053405,-25757.63776,51521.27553,9728.82159,9728.82159,-25759.1334,51520.26679,1.008735227
g1,n10e4,td100,l99,n500,n50,rad10k,Change,t0,10249.58082,1588.326453,67.22553937,-10309.8674,20625.73481,10184.65674,10184.65674,-10322.98962,20647.97923,-22.24442879
g1,n10e4,td100,l99,n500,n50,rad10k,Change,t0t120,10319.51009,286.352281,19.73598467,-15904.58198,31815.16395,9725.793742,9725.793742,-15938.01048,31878.02095,-62.85699602
g1,n10e4,td100,l99,n500,n50,rad10k,Change,all,10242.40714,1873.825048,119.328131,-26621.53325,53249.06651,10012.2006,10012.2006,-26636.53689,53275.07377,-26.00726322
g1,n10e4,td100,l99,n500,n50,rad10k,Change,t0,9728.438697,369.2062901,11.91401339,-9887.110423,19780.22085,9689.432988,9689.432988,-9894.111996,19790.22399,-10.00314682
g1,n10e4,td100,l99,n500,n50,rad10k,Change,t0t120,9725.079589,384.0599899,19.77138209,-15232.71879,30471.43759,9245.204043,9245.204043,-15253.72496,30509.44993,-38.01233895
g1,n10e4,td100,l99,n500,n50,rad10k,Change,all,9672.95945,3594.99099,91.80678525,-25178.10832,50362.21665,9525.866811,9525.866811,-25183.60118,50369.20236,-6.985717201
g1,n10e4,td100,l99,n500,n50,rad10k,Change,t0,9304.725526,374.2423825,11.48667345,-9551.879945,19109.75989,9267.219912,9267.219912,-9558.246294,19118.49259,-8.732698074
g1,n10e4,td100,l99,n500,n50,rad10k,Change,t0t120,9337.10968,1298.211357,44.49232736,-14675.22303,29356.44606,8973.736476,8973.736476,-14687.21346,29376.42691,-19.9808544
g1,n10e4,td100,l99,n500,n50,rad10k,Change,all,9314.025943,2046.861613,119.9937559,-24476.85547,48959.71093,9101.972646,9101.972646,-24487.76325,48977.5265,-17.81556375
g1,n10e4,td100,l99,n500,n50,rad50k,Change,t0,10060.7598,1307.462913,67.40261814,-50444.77276,100895.5455,9983.654873,9983.654873,-50532.47636,101066.9527,-171.4072049
g1,n10e4,td100,l99,n500,n50,rad50k,Change,t0t120,10149.2658,412.6248719,19.73533994,-77799.10907,155604.2181,9717.452842,9717.452842,-77890.04151,155782.083,-177.8648916
g1,n10e4,td100,l99,n500,n50,rad50k,Change,all,10051.69577,5669.340406,46.97090905,-129621.8041,259249.6083,9923.302962,9923.302962,-129648.1387,259298.2775,-48.66917721
g1,n10e4,td100,l99,n500,n50,rad50k,Change,t0,9785.665735,2029.573642,67.20811207,-49857.54548,99721.09096,9737.792755,9737.792755,-49897.93151,99797.86301,-76.77205199
g1,n10e4,td100,l99,n500,n50,rad50k,Change,t0t120,9857.256984,439.8304968,19.7415234,-76584.18661,153174.3732,9445.344069,9445.344069,-76665.8664,153333.7328,-159.3595845
g1,n10e4,td100,l99,n500,n50,rad50k,Change,all,9797.401542,5644.893298,46.9792627,-127909.3431,255824.6862,9670.211166,9670.211166,-127934.5599,255871.1198,-46.43363523
g1,n10e4,td100,l99,n500,n50,rad50k,Change,t0,9958.449445,2196.237237,67.1813832,-50431.02603,100868.0521,9912.148394,9912.148394,-50466.99299,100935.986,-67.93393009
g1,n10e4,td100,l99,n500,n50,rad50k,Change,t0t120,9937.632291,570.9566534,19.57467877,-77172.80797,154351.6159,9602.930982,9602.930982,-77226.12653,154454.2531,-102.6371327
g1,n10e4,td100,l99,n500,n50,rad50k,Change,all,9973.391955,4471.549051,95.75899674,-129097.7372,258201.4744,9879.854695,9879.854695,-129111.0708,258224.1415,-22.66713848
g1,n10e4,td100,l99,n500,n50,rad50k,Change,t0,10044.53884,1410.443615,45.98394201,-51327.96916,102661.9383,9997.943883,9997.943883,-51370.71366,102743.4273,-81.48900668
g1,n10e4,td100,l99,n500,n50,rad50k,Change,t0t120,10020.00337,1292.403953,44.43004908,-78354.53271,156715.0654,9650.466429,9650.466429,-78418.90211,156839.8042,-124.7387928
g1,n10e4,td100,l99,n500,n50,rad50k,Change,all,10067.53814,2950.468928,114.6560775,-131109.0337,262224.0673,9918.564895,9918.564895,-131139.5441,262281.0883,-57.0209635
g1,n10e4,td100,l99,n500,n50,rad50k,Change,t0,9766.408804,2106.202699,67.17182609,-49933.11835,99872.2367,9715.245799,9715.245799,-49973.70171,99949.40342,-77.16671399
g1,n10e4,td100,l99,n500,n50,rad50k,Change,t0t120,9701.692355,506.1639784,19.59322044,-76538.84074,153083.6815,9320.544889,9320.544889,-76604.97159,153211.9432,-128.2616861
g1,n10e4,td100,l99,n500,n50,rad50k,Change,all,9764.54838,3049.825777,119.9312498,-128002.8362,256011.6724,9624.835775,9624.835775,-128029.0128,256060.0255,-48.35309557
g1,n10e4,td100,l99,n500,n50,wgs,Change,t0,10010.05845,359.8404742,13.57880694,-5110579.964,10221165.93,9963.007026,9963.007026,-5115068.709,10230139.42,-8973.490325
g1,n10e4,td100,l99,n500,n50,wgs,Change,t0t120,10016.49767,2332.436191,85.61628374,-7823673.102,15647352.2,9632.55156,9632.55156,-7830563.582,15661129.16,-13776.95976
g1,n10e4,td100,l99,n500,n50,wgs,Change,all,10020.01563,3889.376079,87.81577663,-13064551.54,26129109.09,9888.837426,9888.837426,-13067053.89,26134109.78,-5000.690117
g1,n10e4,td100,l99,n500,n50,wgs,Change,t0,10005.58557,352.0119177,13.5711315,-5113964.18,10227934.36,9956.981053,9956.981053,-5118666.687,10237335.37,-9401.014217
g1,n10e4,td100,l99,n500,n50,wgs,Change,t0t120,10003.15236,2280.634819,85.61865784,-7832000.456,15664006.91,9606.258237,9606.258237,-7839231.668,15678465.34,-14458.42355
g1,n10e4,td100,l99,n500,n50,wgs,Change,all,10004.43936,3213.998714,108.7047039,-13073126.41,26146258.83,9862.563084,9862.563084,-13075904.05,26151810.1,-5551.265639
g1,n10e4,td100,l99,n500,n50,wgs,Change,t0,9980.57561,353.8106293,13.58287744,-5093770.323,10187546.65,9932.616055,9932.616055,-5098369.669,10196741.34,-9194.691734
g1,n10e4,td100,l99,n500,n50,wgs,Change,t0t120,10001.22863,2201.381561,85.61357414,-7816461.256,15632928.51,9591.533609,9591.533609,-7824224.156,15648450.31,-15521.80053
g1,n10e4,td100,l99,n500,n50,wgs,Change,all,9985.200272,3489.908106,100.2694684,-13045618.13,26091242.27,9851.064628,9851.064628,-13048206.08,26096414.15,-5171.882774
g1,n10e4,td100,l99,n500,n50,wgs,Change,t0,9986.238018,355.0483967,13.58844946,-5095847.381,10191700.76,9938.218258,9938.218258,-5100419.801,10200841.6,-9140.8404
g1,n10e4,td100,l99,n500,n50,wgs,Change,t0t120,10002.8856,2132.562559,85.60432297,-7812452.06,15624910.12,9578.646897,9578.646897,-7820712.717,15641427.43,-16517.31313
g1,n10e4,td100,l99,n500,n50,wgs,Change,all,9996.149026,3317.089255,116.9723146,-13051766.38,26103538.76,9873.196493,9873.196493,-13054044.48,26108090.96,-4552.198653
g1,n10e4,td100,l99,n500,n50,wgs,Change,t0,9981.654728,393.9888872,13.57484382,-5108659.025,10217324.05,9937.570379,9937.570379,-5112642.806,10225287.61,-7963.562768
g1,n10e4,td100,l99,n500,n50,wgs,Change,t0t120,9963.221118,2346.725181,85.61703786,-7818993.58,15637993.16,9578.398473,9578.398473,-7825832.513,15651667.03,-13673.86609
g1,n10e4,td100,l99,n500,n50,wgs,Change,all,9992.625842,3023.65379,119.9232036,-13042834.21,26085674.41,9855.189408,9855.189408,-13045547.94,26091097.87,-5423.458614
g1,n10e4,td190,l95,n500,n100,rad10k,Change,t0,10015.34884,32.36417808,10.10392204,-11979.86471,23965.72943,9729.078278,9729.078278,-12287.7475,24577.495,-611.7655686
g1,n10e4,td190,l95,n500,n100,rad10k,Change,t0t120,11094.56981,167.3489994,10.00034601,-18504.15689,37014.31378,10121.42965,10121.42965,-18560.45738,37122.91476,-108.6009781
g1,n10e4,td190,l95,n500,n100,rad10k,Change,all,10873.35157,2452.659016,94.39141512,-31685.52369,63377.04738,10225.39521,10225.39521,-31730.90212,63463.80423,-86.75685297
g1,n10e4,td190,l95,n500,n100,rad10k,Change,t0,10507.30846,32.65433191,10.02983074,-12493.34126,24992.68252,10215.45058,10215.45058,-12804.34315,25610.68631,-618.0037907
g1,n10e4,td190,l95,n500,n100,rad10k,Change,t0t120,11506.54046,185.7347706,10.03495258,-19224.30294,38454.60588,10563.11648,10563.11648,-19277.74733,38557.49465,-102.8887714
g1,n10e4,td190,l95,n500,n100,rad10k,Change,all,11495.30604,3485.500708,77.43829229,-32982.363,65970.72599,10943.32832,10943.32832,-33017.59474,66037.18947,-66.46348295
g1,n10e4,td190,l95,n500,n100,rad10k,Change,t0,9784.930403,37.87188666,10.00929059,-11786.02706,23578.05412,9538.486899,9538.486899,-12056.0798,24114.1596,-536.1054852
g1,n10e4,td190,l95,n500,n100,rad10k,Change,t0t120,10896.01915,201.2471958,10.10085134,-18150.00065,36306.0013,10046.70932,10046.70932,-18195.13809,36392.27618,-86.27488163
g1,n10e4,td190,l95,n500,n100,rad10k,Change,all,10722.39382,3821.646608,74.8765257,-30829.62806,61665.25611,10225.4353,10225.4353,-30856.48049,61714.96098,-49.70487039
g1,n10e4,td190,l95,n500,n100,rad10k,Change,t0,9974.526707,34.97128595,10.04512486,-11965.27887,23936.55773,9706.138074,9706.138074,-12256.20828,24514.41656,-577.8588317
g1,n10e4,td190,l95,n500,n100,rad10k,Change,t0t120,11061.15009,244.1900739,10.07141369,-18354.93345,36715.8669,10368.00859,10368.00859,-18390.19797,36782.39595,-66.52904217
g1,n10e4,td190,l95,n500,n100,rad10k,Change,all,10891.19958,4367.435931,66.65699021,-31213.19546,62432.39093,10435.2712,10435.2712,-31237.37798,62476.75596,-44.36503596
g1,n10e4,td190,l95,n500,n100,rad10k,Change,t0,9874.270354,35.07054256,10.11664098,-11886.11628,23778.23255,9607.459311,9607.459311,-12172.70953,24347.41907,-569.1865161
g1,n10e4,td190,l95,n500,n100,rad10k,Change,t0t120,10871.34006,164.4875308,10.03875467,-18352.55099,36711.10198,9835.351556,9835.351556,-18414.55494,36831.10987,-120.0078969
g1,n10e4,td190,l95,n500,n100,rad10k,Change,all,10768.40896,3732.396466,70.47746569,-31198.5105,62403.02101,10231.87336,10231.87336,-31231.29718,62464.59436,-61.57335579
g1,n10e4,td190,l95,n500,n100,rad50k,Change,t0,10272.8271,34.05666938,10.00115127,-61260.32317,122526.6463,9995.132636,9995.132636,-62749.89307,125501.7861,-2975.139812
g1,n10e4,td190,l95,n500,n100,rad50k,Change,t0t120,11276.13881,187.1410078,10.13862571,-94277.38788,188560.7758,10343.10813,10343.10813,-94546.05172,189094.1034,-533.3276835
g1,n10e4,td190,l95,n500,n100,rad50k,Change,all,11198.71321,2937.90251,95.65313268,-160861.6549,321729.3098,10673.56649,10673.56649,-161019.7048,322041.4096,-312.0998197
g1,n10e4,td190,l95,n500,n100,rad50k,Change,t0,10282.88743,33.88187699,10.00062418,-61021.25749,122048.515,10004.14087,10004.14087,-62500.19766,125002.3953,-2953.880347
g1,n10e4,td190,l95,n500,n100,rad50k,Change,t0t120,11264.13059,325.6631942,17.05361759,-94313.15029,188632.3006,10249.8771,10249.8771,-94609.3302,189220.6604,-588.359807
g1,n10e4,td190,l95,n500,n100,rad50k,Change,all,11151.61362,3359.416775,78.99502497,-160562.1895,321130.379,10589.13434,10589.13434,-160739.008,321480.016,-349.6370286
g1,n10e4,td190,l95,n500,n100,rad50k,Change,t0,10012.91137,36.0625433,10.00070749,-59958.99044,119923.9809,9749.823463,9749.823463,-61370.74527,122743.4905,-2819.50967
g1,n10e4,td190,l95,n500,n100,rad50k,Change,t0t120,11057.79403,199.777683,10.01094269,-92058.27557,184122.5511,10202.87364,10202.87364,-92292.64738,184587.2948,-464.7436059
g1,n10e4,td190,l95,n500,n100,rad50k,Change,all,10973.50787,4611.444496,65.48242066,-156531.4839,313068.9678,10537.76052,10537.76052,-156640.61,313283.2201,-214.2522315
g1,n10e4,td190,l95,n500,n100,rad50k,Change,t0,10177.89636,35.34805172,10.14141172,-61151.20131,122308.4026,9905.103202,9905.103202,-62624.37995,125250.7599,-2942.357284
g1,n10e4,td190,l95,n500,n100,rad50k,Change,t0t120,11124.59487,173.5365367,10.00850245,-93920.64715,187847.2943,10118.00396,10118.00396,-94216.61675,188435.2335,-587.9391926
g1,n10e4,td190,l95,n500,n100,rad50k,Change,all,11021.90152,2476.504784,93.95329253,-161124.5877,322255.1754,10345.28164,10345.28164,-161363.8354,322729.6708,-474.495323
g1,n10e4,td190,l95,n500,n100,rad50k,Change,t0,10057.38978,36.03579367,10.05515157,-60270.24728,120546.4946,9793.654009,9793.654009,-61699.88379,123401.7676,-2855.273029
g1,n10e4,td190,l95,n500,n100,rad50k,Change,t0t120,11076.31922,188.9820231,10.00414972,-92727.79836,185461.5967,10165.15569,10165.15569,-92984.83127,185971.6625,-510.0658304
g1,n10e4,td190,l95,n500,n100,rad50k,Change,all,10963.60665,3105.651881,90.66351774,-158685.5868,317377.1737,10437.68926,10437.68926,-158840.2375,317682.4751,-305.3013802
g1,n10e4,td190,l95,n500,n100,wgs,Change,t0,10230.19882,43.01616513,11.92167208,-6155076.79,12310159.58,9952.386226,9952.386226,-6302379.954,12604761.91,-294602.3283
g1,n10e4,td190,l95,n500,n100,wgs,Change,t0t120,11231.89875,203.0472771,10.64824552,-9460475.162,18920956.32,10312.29608,10312.29608,-9486755.697,18973513.39,-52557.07145
g1,n10e4,td190,l95,n500,n100,wgs,Change,all,11142.76127,3086.419433,89.82240426,-16145285.09,32290576.17,10602.37144,10602.37144,-16161543.17,32323088.34,-32512.16518
g1,n10e4,td190,l95,n500,n100,wgs,Change,t0,10160.31295,35.50086153,10.06449822,-6132730.593,12265467.19,9890.443132,9890.443132,-6279181.573,12558365.15,-292897.9601
g1,n10e4,td190,l95,n500,n100,wgs,Change,t0t120,11140.49937,172.9029194,10.00040455,-9436138.428,18872282.86,10138.13336,10138.13336,-9465737.346,18931476.69,-59193.83678
g1,n10e4,td190,l95,n500,n100,wgs,Change,all,11035.62661,2843.763097,90.00516711,-16103497.8,32207001.61,10436.65431,10436.65431,-16122915.97,32245833.94,-38832.33251
g1,n10e4,td190,l95,n500,n100,wgs,Change,t0,10164.44377,35.1979254,10.06369812,-6128912.686,12257831.37,9893.366148,9893.366148,-6276021.679,12552045.36,-294213.9857
g1,n10e4,td190,l95,n500,n100,wgs,Change,t0t120,11170.36006,229.8830661,12.29391506,-9433926.638,18867859.28,10203.71177,10203.71177,-9461837.158,18923676.32,-55817.03978
g1,n10e4,td190,l95,n500,n100,wgs,Change,all,11038.86822,3016.705319,87.24352763,-16129610.2,32259226.41,10468.41404,10468.41404,-16147766.16,32295534.33,-36307.92074
g1,n10e4,td190,l95,n500,n100,wgs,Change,t0,10195.99874,34.99525085,10.03076137,-6134881.507,12269769.01,9925.873815,9925.873815,-6282230.15,12564462.3,-294693.2856
g1,n10e4,td190,l95,n500,n100,wgs,Change,t0t120,11196.75997,182.1316937,10.0686827,-9441779.209,18883564.42,10243.30595,10243.30595,-9469532.108,18939066.22,-55501.79699
g1,n10e4,td190,l95,n500,n100,wgs,Change,all,11115.80085,3623.524346,77.55159126,-16102242.27,32204490.54,10598.9984,10598.9984,-16117456.73,32234915.46,-30424.92266
g1,n10e4,td190,l95,n500,n100,wgs,Change,t0,10162.09882,36.53706141,10.38051044,-6121997.982,12244001.96,9889.976221,9889.976221,-6269017.162,12538036.32,-294034.3612
g1,n10e4,td190,l95,n500,n100,wgs,Change,t0t120,11187.29413,192.4920933,10.00034078,-9413539.92,18827085.84,10291.3082,10291.3082,-9438850.187,18877702.37,-50616.53445
g1,n10e4,td190,l95,n500,n100,wgs,Change,all,11094.06878,4826.704124,56.79712031,-16035518.07,32071042.13,10599.09861,10599.09861,-16049544.7,32099091.39,-28049.25885
g1,n10e4,td190,l95,n500,n200,rad10k,Change,t0,10062.25415,21.58387512,10.00022579,-13637.17228,27280.34456,9656.560929,9656.560929,-14240.62787,28483.25574,-1202.911182
g1,n10e4,td190,l95,n500,n200,rad10k,Change,t0t120,11881.82741,212.1145412,10.00568248,-21667.66075,43341.32151,10258.58972,10258.58972,-21747.75616,43497.51232,-156.1908093
g1,n10e4,td190,l95,n500,n200,rad10k,Change,all,11689.08657,4138.019319,95.25494327,-37195.35401,74396.70802,10861.21939,10861.21939,-37228.95119,74459.90238,-63.194363
g1,n10e4,td190,l95,n500,n200,rad10k,Change,t0,10112.72548,20.85402298,10.06639932,-13736.69359,27479.38718,9696.104075,9696.104075,-14360.54345,28723.0869,-1243.699725
g1,n10e4,td190,l95,n500,n200,rad10k,Change,t0t120,11879.07811,181.1158209,10.0088852,-21858.77013,43723.54026,10003.1002,10003.1002,-21957.74152,43917.48305,-193.9427894
g1,n10e4,td190,l95,n500,n200,rad10k,Change,all,11663.87098,2727.023267,110.9286608,-38016.42747,76038.85494,10487.60212,10487.60212,-38082.70136,76167.40271,-128.5477697
g1,n10e4,td190,l95,n500,n200,rad10k,Change,t0,10610.85853,20.08552209,10.00943128,-14264.2341,28534.46821,10170.23762,10170.23762,-14912.397,29826.79401,-1292.325801
g1,n10e4,td190,l95,n500,n200,rad10k,Change,t0t120,12388.91142,186.4583708,10.03418702,-22750.36706,45506.73411,10425.44831,10425.44831,-22851.98364,45705.96728,-199.2331695
g1,n10e4,td190,l95,n500,n200,rad10k,Change,all,12229.56554,4005.194493,79.19565476,-39408.01518,78822.03036,11097.24483,11097.24483,-39466.29358,78934.58716,-112.5568018
g1,n10e4,td190,l95,n500,n200,rad10k,Change,t0,9953.486097,21.70012914,10.00368161,-13580.16827,27166.33655,9556.487113,9556.487113,-14183.48872,28368.97745,-1202.640904
g1,n10e4,td190,l95,n500,n200,rad10k,Change,t0t120,11723.42293,176.8079323,10.01292114,-21652.41995,43310.8399,9736.525925,9736.525925,-21757.31204,43516.62408,-205.7841817
g1,n10e4,td190,l95,n500,n200,rad10k,Change,all,11461.36147,4033.746902,72.44047421,-37445.48756,74896.97511,10263.86221,10263.86221,-37507.13348,75016.26696,-119.291847
g1,n10e4,td190,l95,n500,n200,rad10k,Change,t0,9835.547135,22.94687394,10.03216965,-13423.42293,26852.84585,9455.963515,9455.963515,-14000.86794,28003.73588,-1150.890023
g1,n10e4,td190,l95,n500,n200,rad10k,Change,t0t120,11705.428,206.2125008,10.00105633,-21223.04023,42452.08045,10072.62516,10072.62516,-21303.48653,42608.97306,-156.8926086
g1,n10e4,td190,l95,n500,n200,rad10k,Change,all,11564.75105,3904.440115,104.7261568,-36860.69804,73727.39607,10747.42072,10747.42072,-36893.27166,73788.54333,-61.14725783
g1,n10e4,td190,l95,n500,n200,rad50k,Change,t0,10259.24682,22.97094986,10.35191013,-69958.19719,139922.3944,9858.547894,9858.547894,-73025.58213,146053.1643,-6130.769872
g1,n10e4,td190,l95,n500,n200,rad50k,Change,t0t120,12025.28948,185.2415289,10.00958741,-110552.0395,221110.0791,10110.3616,10110.3616,-111049.208,222100.416,-990.3368776
g1,n10e4,td190,l95,n500,n200,rad50k,Change,all,11820.80928,3184.101591,94.86549151,-191517.7999,383041.5998,10599.64384,10599.64384,-191843.8919,383689.7838,-648.1840622
g1,n10e4,td190,l95,n500,n200,rad50k,Change,t0,10372.76168,21.74324671,10.09556431,-69876.26767,139758.5353,9961.164827,9961.164827,-72947.10529,145896.2106,-6137.675238
g1,n10e4,td190,l95,n500,n200,rad50k,Change,t0t120,12101.79067,178.1685226,10.02924795,-110645.7809,221297.5618,10130.487,10130.487,-111170.4936,222342.9872,-1045.425405
g1,n10e4,td190,l95,n500,n200,rad50k,Change,all,11942.54654,3231.272514,97.01222005,-191177.7209,382361.4419,10786.86389,10786.86389,-191481.5186,382965.0371,-603.5952618
g1,n10e4,td190,l95,n500,n200,rad50k,Change,t0,10140.45325,22.49527356,10.02997652,-68982.69663,137971.3933,9747.874376,9747.874376,-71979.88713,143961.7743,-5990.381007
g1,n10e4,td190,l95,n500,n200,rad50k,Change,t0t120,11993.60044,202.5019726,10.00720026,-109226.1753,218458.3507,10260.07002,10260.07002,-109658.1159,219318.2318,-859.8811372
g1,n10e4,td190,l95,n500,n200,rad50k,Change,all,11756.87388,3417.493289,100.3568445,-189426.9579,378859.9158,10739.69013,10739.69013,-189673.1878,379348.3757,-488.4599021
g1,n10e4,td190,l95,n500,n200,rad50k,Change,t0,10348.26514,22.39388324,10.19653188,-70121.52423,140249.0485,9950.051172,9950.051172,-73226.56018,146455.1204,-6206.071908
g1,n10e4,td190,l95,n500,n200,rad50k,Change,t0t120,12148.881,209.6244802,10.8023233,-110813.4621,221632.9242,10313.08805,10313.08805,-111284.4164,222570.8328,-937.9086126
g1,n10e4,td190,l95,n500,n200,rad50k,Change,all,11922.46362,3906.533422,82.97529268,-192014.5438,384035.0875,10850.65819,10850.65819,-192278.4231,384558.8463,-523.7587321
g1,n10e4,td190,l95,n500,n200,rad50k,Change,t0,10096.5578,22.7899597,10.0045698,-68664.59254,137335.1851,9708.94627,9708.94627,-71625.26213,143252.5243,-5917.339179
g1,n10e4,td190,l95,n500,n200,rad50k,Change,t0t120,11922.72419,199.3444394,10.00015328,-108539.5777,217085.1555,10177.22104,10177.22104,-108976.6865,217955.373,-870.2175134
g1,n10e4,td190,l95,n500,n200,rad50k,Change,all,11712.20646,4494.065494,79.36048901,-186984.8483,373975.6965,10810.83025,10810.83025,-187176.2151,374354.4301,-378.7335618
g1,n10e4,td190,l95,n500,n20,wgs,Change,t0,10024.82213,5389.545165,94.40967775,-3386398.163,6772802.326,10006.64331,10006.64331,-3386519.924,6773041.848,-239.5225906
g1,n10e4,td190,l95,n500,n20,wgs,Change,t0t120,10030.89574,4737.373309,105.728712,-5138386.245,10276778.49,9990.892684,9990.892684,-5138674.714,10277351.43,-572.9372203
g1,n10e4,td190,l95,n500,n20,wgs,Change,all,10016.95988,5861.616353,89.96978982,-8507071.823,17014149.65,9999.637345,9999.637345,-8507148.136,17014298.27,-148.6256816
g1,n10e4,td190,l95,n500,n20,wgs,Change,t0,9987.911049,578.4071076,10.23862621,-3372598.235,6745202.47,9963.832753,9963.832753,-3372832.066,6745666.132,-463.6625547
g1,n10e4,td190,l95,n500,n20,wgs,Change,t0t120,9983.437242,3625.553454,106.5913072,-5133988.677,10267983.35,9922.649798,9922.649798,-5134641.234,10269284.47,-1301.113058
g1,n10e4,td190,l95,n500,n20,wgs,Change,all,9995.620199,7096.496839,89.94277091,-8484690.862,16969387.72,9985.054195,9985.054195,-8484716.844,16969435.69,-47.9628082
g1,n10e4,td190,l95,n500,n20,wgs,Change,t0,9995.738608,6039.088953,78.19723995,-3381801.061,6763608.123,9984.042153,9984.042153,-3381853.543,6763709.086,-100.9634673
g1,n10e4,td190,l95,n500,n20,wgs,Change,t0t120,9990.904995,6600.211449,105.6671535,-5117854.75,10235715.5,9971.30305,9971.30305,-5117924.559,10235851.12,-135.6194253
g1,n10e4,td190,l95,n500,n20,wgs,Change,all,9994.239692,8415.213654,89.93019528,-8478071.672,16956149.34,9988.164862,9988.164862,-8478074.251,16956150.5,-1.158397
g1,n10e4,td190,l95,n500,n20,wgs,Change,t0,10056.9046,3477.852837,80.18629631,-3387652.43,6775310.86,10025.57867,10025.57867,-3388007.051,6776016.103,-705.242984
g1,n10e4,td190,l95,n500,n20,wgs,Change,t0t120,10049.40588,5966.461789,105.7897653,-5149216.121,10298438.24,10023.80429,10023.80429,-5149335.232,10298672.46,-234.2226352
g1,n10e4,td190,l95,n500,n20,wgs,Change,all,10066.62371,6483.189687,90.10318171,-8533137.686,17066281.37,10053.76302,10053.76302,-8533190.154,17066382.31,-100.9365605
g1,n10e4,td190,l95,n500,n20,wgs,Change,t0,10009.16778,574.4954129,10.20131381,-3379053.096,6758112.192,9984.657458,9984.657458,-3379278.174,6758558.347,-446.1550875
g1,n10e4,td190,l95,n500,n20,wgs,Change,t0t120,10013.41146,4348.291087,105.783837,-5136497.751,10273001.5,9967.341448,9967.341448,-5136877.984,10273757.97,-756.4658199
g1,n10e4,td190,l95,n500,n20,wgs,Change,all,9979.577534,6706.480429,90.03062665,-8494057.997,16988121.99,9968.137467,9968.137467,-8494101.307,16988204.61,-82.6196161
g1,n10e4,td190,l95,n500,n50,rad10k,Change,t0,10324.63636,4928.999985,119.8674702,-10607.46048,21220.92096,10301.11857,10301.11857,-10610.12559,21222.25117,-1.330209474
g1,n10e4,td190,l95,n500,n50,rad10k,Change,t0t120,10395.91507,4956.295062,60.14061691,-15940.19823,31886.39646,10295.98063,10295.98063,-15941.27307,31884.54614,1.850324128
g1,n10e4,td190,l95,n500,n50,rad10k,Change,all,10395.12006,6370.826324,92.29823061,-26793.22238,53592.44477,10342.34138,10342.34138,-26794.07648,53590.15296,2.291804377
g1,n10e4,td190,l95,n500,n50,rad10k,Change,t0,9634.27315,6519.862337,33.76786068,-10030.76007,20067.52013,9630.347099,9630.347099,-10030.83836,20063.67671,3.843416409
g1,n10e4,td190,l95,n500,n50,rad10k,Change,t0t120,9702.8174,8059.018321,60.20490471,-15092.57211,30191.14423,9680.822745,9680.822745,-15092.60538,30187.21075,3.933474157
g1,n10e4,td190,l95,n500,n50,rad10k,Change,all,9575.637079,7690.702747,92.94369987,-25097.59337,50201.18675,9552.937851,9552.937851,-25097.74398,50197.48796,3.698789514
g1,n10e4,td190,l95,n500,n50,rad10k,Change,t0,9786.865087,3235.149341,33.41543684,-10153.77982,20313.55965,9773.364519,9773.364519,-10154.68846,20311.37692,2.182727888
g1,n10e4,td190,l95,n500,n50,rad10k,Change,t0t120,9832.614113,5283.198134,60.14776636,-15247.86906,30501.73813,9749.962703,9749.962703,-15248.60696,30499.21392,2.52420783
g1,n10e4,td190,l95,n500,n50,rad10k,Change,all,9789.348449,8759.043341,92.89414576,-25520.16136,51046.32271,9778.502415,9778.502415,-25520.19679,51042.39359,3.929122577
g1,n10e4,td190,l95,n500,n50,rad10k,Change,t0,9819.231866,2305.337926,34.29014113,-10147.88371,20301.76742,9799.349197,9799.349197,-10149.82566,20301.65132,0.116101256
g1,n10e4,td190,l95,n500,n50,rad10k,Change,t0t120,9837.815952,1867.713551,60.25432271,-15372.24548,30750.49095,9493.254374,9493.254374,-15383.61031,30769.22062,-18.72966735
g1,n10e4,td190,l95,n500,n50,rad10k,Change,all,9902.00161,2900.757684,119.9184518,-25641.69225,51289.38449,9754.670647,9754.670647,-25647.06044,51296.12088,-6.736389608
g1,n10e4,td190,l95,n500,n50,rad10k,Change,t0,9720.565316,5344.753089,33.04140988,-10116.01024,20238.02049,9715.463376,9715.463376,-10116.17142,20234.34285,3.677639155
g1,n10e4,td190,l95,n500,n50,rad10k,Change,t0t120,9742.606444,3869.696015,30.17221109,-15192.00535,30390.0107,9672.619075,9672.619075,-15192.51408,30387.02815,2.982545319
g1,n10e4,td190,l95,n500,n50,rad10k,Change,all,9712.700655,8821.847188,31.18236018,-25316.14816,50638.29632,9689.311908,9689.311908,-25316.35074,50634.70148,3.594838325
g1,n10e4,td190,l95,n500,n50,rad50k,Change,t0,10102.99293,2999.519937,33.93644494,-51745.05845,103496.1169,10087.16768,10087.16768,-51750.96628,103503.9326,-7.815669544
g1,n10e4,td190,l95,n500,n50,rad50k,Change,t0t120,10115.74187,3116.461038,60.00311218,-78163.37441,156332.7488,9924.880999,9924.880999,-78182.01701,156366.034,-33.28520035
g1,n10e4,td190,l95,n500,n50,rad50k,Change,all,10098.17611,6327.271813,92.58307387,-130670.8932,261347.7865,10046.50802,10046.50802,-130674.5719,261351.1437,-3.357226466
g1,n10e4,td190,l95,n500,n50,rad50k,Change,t0,10103.06055,2202.070589,33.88026287,-51865.7853,103737.5706,10080.27932,10080.27932,-51877.08026,103756.1605,-18.58991365
g1,n10e4,td190,l95,n500,n50,rad50k,Change,t0t120,10150.86785,3162.155143,59.96901908,-78350.83962,156707.6792,9964.053816,9964.053816,-78368.9882,156739.9764,-32.29716379
g1,n10e4,td190,l95,n500,n50,rad50k,Change,all,10114.66876,6328.941483,119.356824,-130954.5598,261915.1196,10064.27512,10064.27512,-130957.1342,261916.2684,-1.148829013
g1,n10e4,td190,l95,n500,n50,rad50k,Change,t0,10004.28715,2197.606422,33.78281304,-51643.47318,103292.9464,9981.486701,9981.486701,-51655.14674,103312.2935,-19.34711923
g1,n10e4,td190,l95,n500,n50,rad50k,Change,t0t120,9970.273624,2694.037941,60.22008257,-77965.02773,155936.0555,9735.115448,9735.115448,-77991.78534,155985.5707,-49.51520645
g1,n10e4,td190,l95,n500,n50,rad50k,Change,all,10008.07492,3457.034464,119.6254045,-130669.405,261344.81,9889.33058,9889.33058,-130688.5814,261379.1628,-34.35282664
g1,n10e4,td190,l95,n500,n50,rad50k,Change,t0,9881.094601,3595.647919,33.31242649,-50997.25905,102000.5181,9870.888076,9870.888076,-51000.94665,102003.8933,-3.375203451
g1,n10e4,td190,l95,n500,n50,rad50k,Change,t0t120,9863.81332,2454.283698,33.9505609,-76856.08891,153718.1778,9719.059546,9719.059546,-76866.7129,153735.4258,-17.24798063
g1,n10e4,td190,l95,n500,n50,rad50k,Change,all,9839.397748,9328.699954,31.19638879,-128921.3117,257848.6234,9827.073753,9827.073753,-128921.5769,257845.1537,3.469626221
g1,n10e4,td190,l95,n500,n50,rad50k,Change,t0,9856.958693,3682.300364,33.40005915,-50886.82407,101779.6481,9845.256624,9845.256624,-50890.19241,101782.3848,-2.736671863
g1,n10e4,td190,l95,n500,n50,rad50k,Change,t0t120,9833.341618,4391.479898,60.16278415,-76326.16228,152658.3246,9716.753375,9716.753375,-76333.18943,152668.3789,-10.05429135
g1,n10e4,td190,l95,n500,n50,rad50k,Change,all,9835.704177,10662.55343,43.21477741,-127199.4929,254404.9859,9849.730549,9849.730549,-127199.7787,254401.5574,3.428514859
g1,n10e4,td190,l95,n500,n50,wgs,Change,t0,10062.004,1157.167602,16.20746928,-5207057.421,10414120.84,10038.82867,10038.82867,-5208055.326,10416112.65,-1991.810133
g1,n10e4,td190,l95,n500,n50,wgs,Change,t0t120,10060.79375,5051.969031,107.0179109,-7846394.417,15692794.83,9892.348211,9892.348211,-7847771.155,15695544.31,-2749.476142
g1,n10e4,td190,l95,n500,n50,wgs,Change,all,10051.45835,7715.182765,89.98239728,-13131266.54,26262539.09,10023.75227,10023.75227,-13131375.93,26262753.87,-214.7767679
g1,n10e4,td190,l95,n500,n50,wgs,Change,t0,10000.04156,4845.807341,78.47543204,-5187401.747,10374809.49,9981.357371,9981.357371,-5188097.892,10376197.78,-1388.290102
g1,n10e4,td190,l95,n500,n50,wgs,Change,t0t120,9997.513229,6384.833372,106.9853887,-7802782.629,15605571.26,9897.689255,9897.689255,-7803291.188,15606584.38,-1013.117445
g1,n10e4,td190,l95,n500,n50,wgs,Change,all,9993.920708,8314.249779,90.05959705,-13048074.26,26096154.52,9975.19095,9975.19095,-13048125.19,26096252.39,-97.8680052
g1,n10e4,td190,l95,n500,n50,wgs,Change,t0,10029.29518,4440.04547,77.82363531,-5187975.326,10375956.65,10008.10604,10008.10604,-5188876.922,10377755.84,-1799.192326
g1,n10e4,td190,l95,n500,n50,wgs,Change,t0t120,10046.16684,4886.905555,107.0221136,-7826515.869,15653037.74,9868.542622,9868.542622,-7828057.392,15656116.78,-3079.046655
g1,n10e4,td190,l95,n500,n50,wgs,Change,all,10037.09613,5929.779966,117.9716474,-13103342.1,26206690.19,9989.990251,9989.990251,-13103665.59,26207333.18,-642.9880471
g1,n10e4,td190,l95,n500,n50,wgs,Change,t0,9996.967171,4819.627694,77.7183853,-5186448.685,10372903.37,9978.805235,9978.805235,-5187136.528,10374275.06,-1371.68521
g1,n10e4,td190,l95,n500,n50,wgs,Change,t0t120,10006.47445,4878.137855,107.0216693,-7827783.066,15655572.13,9827.533216,9827.533216,-7829323.791,15658649.58,-3077.449258
g1,n10e4,td190,l95,n500,n50,wgs,Change,all,10010.37519,5324.716052,119.9977241,-13087709.13,26175424.25,9950.897202,9950.897202,-13088215.32,26176432.65,-1008.395547
g1,n10e4,td190,l95,n500,n50,wgs,Change,t0,9993.028967,4436.539529,78.4699098,-5181024.98,10362055.96,9971.624286,9971.624286,-5181939.319,10363880.64,-1824.677984
g1,n10e4,td190,l95,n500,n50,wgs,Change,t0t120,9969.807322,4491.974297,107.031436,-7826779.841,15653565.68,9763.860155,9763.860155,-7828805.712,15657613.42,-4047.743127
g1,n10e4,td190,l95,n500,n50,wgs,Change,all,9986.048468,5028.389349,119.9912551,-13085877.51,26171761.01,9920.937307,9920.937307,-13086494.67,26172991.35,-1230.332308